-- MySQL dump 10.13  Distrib 8.0.43, for Win64 (x86_64)
--
-- Host: localhost    Database: vjnt_class_management
-- ------------------------------------------------------
-- Server version	8.0.43

/*!40101 SET @OLD_CHARACTER_SET_CLIENT=@@CHARACTER_SET_CLIENT */;
/*!40101 SET @OLD_CHARACTER_SET_RESULTS=@@CHARACTER_SET_RESULTS */;
/*!40101 SET @OLD_COLLATION_CONNECTION=@@COLLATION_CONNECTION */;
/*!50503 SET NAMES utf8mb4 */;
/*!40103 SET @OLD_TIME_ZONE=@@TIME_ZONE */;
/*!40103 SET TIME_ZONE='+00:00' */;
/*!40014 SET @OLD_UNIQUE_CHECKS=@@UNIQUE_CHECKS, UNIQUE_CHECKS=0 */;
/*!40014 SET @OLD_FOREIGN_KEY_CHECKS=@@FOREIGN_KEY_CHECKS, FOREIGN_KEY_CHECKS=0 */;
/*!40101 SET @OLD_SQL_MODE=@@SQL_MODE, SQL_MODE='NO_AUTO_VALUE_ON_ZERO' */;
/*!40111 SET @OLD_SQL_NOTES=@@SQL_NOTES, SQL_NOTES=0 */;

--
-- Current Database: `vjnt_class_management`
--

CREATE DATABASE /*!32312 IF NOT EXISTS*/ `vjnt_class_management` /*!40100 DEFAULT CHARACTER SET utf8mb4 COLLATE utf8mb4_0900_ai_ci */ /*!80016 DEFAULT ENCRYPTION='N' */;

USE `vjnt_class_management`;

--
-- Table structure for table `language_level_audit`
--

DROP TABLE IF EXISTS `language_level_audit`;
/*!40101 SET @saved_cs_client     = @@character_set_client */;
/*!50503 SET character_set_client = utf8mb4 */;
CREATE TABLE `language_level_audit` (
  `audit_id` int NOT NULL AUTO_INCREMENT,
  `student_id` int NOT NULL,
  `phase` int NOT NULL,
  `action_type` varchar(50) DEFAULT NULL,
  `marathi_level_old` int DEFAULT NULL,
  `marathi_level_new` int DEFAULT NULL,
  `math_level_old` int DEFAULT NULL,
  `math_level_new` int DEFAULT NULL,
  `english_level_old` int DEFAULT NULL,
  `english_level_new` int DEFAULT NULL,
  `changed_by` varchar(100) DEFAULT NULL,
  `changed_date` timestamp NULL DEFAULT CURRENT_TIMESTAMP,
  PRIMARY KEY (`audit_id`),
  KEY `student_id` (`student_id`),
  CONSTRAINT `language_level_audit_ibfk_1` FOREIGN KEY (`student_id`) REFERENCES `students` (`student_id`)
) ENGINE=InnoDB DEFAULT CHARSET=utf8mb4 COLLATE=utf8mb4_0900_ai_ci;
/*!40101 SET character_set_client = @saved_cs_client */;

--
-- Dumping data for table `language_level_audit`
--

LOCK TABLES `language_level_audit` WRITE;
/*!40000 ALTER TABLE `language_level_audit` DISABLE KEYS */;
/*!40000 ALTER TABLE `language_level_audit` ENABLE KEYS */;
UNLOCK TABLES;

--
-- Table structure for table `login_audit`
--

DROP TABLE IF EXISTS `login_audit`;
/*!40101 SET @saved_cs_client     = @@character_set_client */;
/*!50503 SET character_set_client = utf8mb4 */;
CREATE TABLE `login_audit` (
  `audit_id` int NOT NULL AUTO_INCREMENT,
  `user_id` int DEFAULT NULL,
  `username` varchar(100) DEFAULT NULL,
  `login_time` datetime DEFAULT CURRENT_TIMESTAMP,
  `logout_time` datetime DEFAULT NULL,
  `ip_address` varchar(50) DEFAULT NULL,
  `session_id` varchar(100) DEFAULT NULL,
  `login_status` enum('SUCCESS','FAILED','LOCKED') NOT NULL,
  `failure_reason` varchar(255) DEFAULT NULL,
  `user_agent` varchar(255) DEFAULT NULL,
  PRIMARY KEY (`audit_id`),
  KEY `idx_user_id` (`user_id`),
  KEY `idx_login_time` (`login_time`),
  KEY `idx_login_status` (`login_status`),
  CONSTRAINT `login_audit_ibfk_1` FOREIGN KEY (`user_id`) REFERENCES `users` (`user_id`) ON DELETE SET NULL
) ENGINE=InnoDB DEFAULT CHARSET=utf8mb4 COLLATE=utf8mb4_0900_ai_ci;
/*!40101 SET character_set_client = @saved_cs_client */;

--
-- Dumping data for table `login_audit`
--

LOCK TABLES `login_audit` WRITE;
/*!40000 ALTER TABLE `login_audit` DISABLE KEYS */;
/*!40000 ALTER TABLE `login_audit` ENABLE KEYS */;
UNLOCK TABLES;

--
-- Table structure for table `phase_completion_status`
--

DROP TABLE IF EXISTS `phase_completion_status`;
/*!40101 SET @saved_cs_client     = @@character_set_client */;
/*!50503 SET character_set_client = utf8mb4 */;
CREATE TABLE `phase_completion_status` (
  `id` int NOT NULL AUTO_INCREMENT,
  `udise_no` varchar(50) NOT NULL,
  `phase` int NOT NULL,
  `is_complete` tinyint(1) DEFAULT '0',
  `completion_date` timestamp NULL DEFAULT NULL,
  `completed_by` varchar(100) DEFAULT NULL,
  `total_students` int DEFAULT '0',
  `completed_students` int DEFAULT '0',
  PRIMARY KEY (`id`),
  UNIQUE KEY `unique_school_phase` (`udise_no`,`phase`)
) ENGINE=InnoDB DEFAULT CHARSET=utf8mb4 COLLATE=utf8mb4_0900_ai_ci;
/*!40101 SET character_set_client = @saved_cs_client */;

--
-- Dumping data for table `phase_completion_status`
--

LOCK TABLES `phase_completion_status` WRITE;
/*!40000 ALTER TABLE `phase_completion_status` DISABLE KEYS */;
/*!40000 ALTER TABLE `phase_completion_status` ENABLE KEYS */;
UNLOCK TABLES;

--
-- Table structure for table `student_language_phase`
--

DROP TABLE IF EXISTS `student_language_phase`;
/*!40101 SET @saved_cs_client     = @@character_set_client */;
/*!50503 SET character_set_client = utf8mb4 */;
CREATE TABLE `student_language_phase` (
  `id` int NOT NULL AUTO_INCREMENT,
  `student_id` int NOT NULL,
  `phase` int NOT NULL,
  `marathi_level` int DEFAULT '0',
  `math_level` int DEFAULT '0',
  `english_level` int DEFAULT '0',
  `created_date` timestamp NULL DEFAULT CURRENT_TIMESTAMP,
  `created_by` varchar(100) DEFAULT NULL,
  `updated_date` timestamp NULL DEFAULT CURRENT_TIMESTAMP ON UPDATE CURRENT_TIMESTAMP,
  `updated_by` varchar(100) DEFAULT NULL,
  PRIMARY KEY (`id`),
  UNIQUE KEY `unique_student_phase` (`student_id`,`phase`),
  CONSTRAINT `student_language_phase_ibfk_1` FOREIGN KEY (`student_id`) REFERENCES `students` (`student_id`)
) ENGINE=InnoDB DEFAULT CHARSET=utf8mb4 COLLATE=utf8mb4_0900_ai_ci;
/*!40101 SET character_set_client = @saved_cs_client */;

--
-- Dumping data for table `student_language_phase`
--

LOCK TABLES `student_language_phase` WRITE;
/*!40000 ALTER TABLE `student_language_phase` DISABLE KEYS */;
/*!40000 ALTER TABLE `student_language_phase` ENABLE KEYS */;
UNLOCK TABLES;

--
-- Table structure for table `student_phase_audit`
--

DROP TABLE IF EXISTS `student_phase_audit`;
/*!40101 SET @saved_cs_client     = @@character_set_client */;
/*!50503 SET character_set_client = utf8mb4 */;
CREATE TABLE `student_phase_audit` (
  `audit_id` int NOT NULL AUTO_INCREMENT,
  `student_id` int NOT NULL,
  `phase` int NOT NULL,
  `marathi_level` int DEFAULT NULL,
  `math_level` int DEFAULT NULL,
  `english_level` int DEFAULT NULL,
  `changed_by` varchar(100) DEFAULT NULL,
  `changed_date` timestamp NULL DEFAULT CURRENT_TIMESTAMP,
  `action_type` varchar(20) DEFAULT NULL,
  PRIMARY KEY (`audit_id`),
  KEY `idx_student_phase` (`student_id`,`phase`),
  KEY `idx_date` (`changed_date`),
  CONSTRAINT `student_phase_audit_ibfk_1` FOREIGN KEY (`student_id`) REFERENCES `students` (`student_id`)
) ENGINE=InnoDB AUTO_INCREMENT=53 DEFAULT CHARSET=utf8mb4 COLLATE=utf8mb4_0900_ai_ci;
/*!40101 SET character_set_client = @saved_cs_client */;

--
-- Dumping data for table `student_phase_audit`
--

LOCK TABLES `student_phase_audit` WRITE;
/*!40000 ALTER TABLE `student_phase_audit` DISABLE KEYS */;
INSERT INTO `student_phase_audit` VALUES (29,853,1,1,2,2,'school_coord_10001','2025-11-02 07:17:24','UPDATE'),(30,868,1,2,3,2,'school_coord_10001','2025-11-02 07:17:32','UPDATE'),(31,883,1,2,7,2,'school_coord_10001','2025-11-02 07:17:37','UPDATE'),(32,898,1,1,5,2,'school_coord_10001','2025-11-02 07:17:43','UPDATE'),(33,853,2,2,3,4,'school_coord_10001','2025-11-02 07:18:16','UPDATE'),(34,853,2,1,1,1,'school_coord_10001','2025-11-02 07:37:01','UPDATE'),(35,853,2,1,1,1,'school_coord_10001','2025-11-02 07:40:27','UPDATE'),(36,853,1,1,2,1,'school_coord_10001','2025-11-02 07:47:24','UPDATE'),(37,853,1,1,1,3,'school_coord_10001','2025-11-02 07:47:40','UPDATE'),(38,868,1,1,2,2,'school_coord_10001','2025-11-02 07:47:49','UPDATE'),(39,853,1,1,2,2,'school_coord_10001','2025-11-02 07:48:13','UPDATE'),(40,853,2,1,1,2,'school_coord_10001','2025-11-02 07:53:04','UPDATE'),(41,853,2,1,2,1,'school_coord_10001','2025-11-02 07:57:19','UPDATE'),(42,868,2,1,3,1,'school_coord_10001','2025-11-02 07:57:34','UPDATE'),(43,883,2,2,4,2,'school_coord_10001','2025-11-02 07:57:38','UPDATE'),(44,898,2,1,2,2,'school_coord_10001','2025-11-02 07:57:43','UPDATE'),(45,853,3,2,2,1,'school_coord_10001','2025-11-02 07:58:11','UPDATE'),(46,868,3,1,3,2,'school_coord_10001','2025-11-02 07:58:15','UPDATE'),(47,883,3,2,4,2,'school_coord_10001','2025-11-02 07:58:17','UPDATE'),(48,898,3,1,2,2,'school_coord_10001','2025-11-02 07:58:18','UPDATE'),(49,853,4,2,2,2,'school_coord_10001','2025-11-02 07:58:30','UPDATE'),(50,868,4,1,3,2,'school_coord_10001','2025-11-02 07:58:32','UPDATE'),(51,883,4,2,4,2,'school_coord_10001','2025-11-02 07:58:33','UPDATE'),(52,898,4,1,2,2,'school_coord_10001','2025-11-02 07:58:34','UPDATE');
/*!40000 ALTER TABLE `student_phase_audit` ENABLE KEYS */;
UNLOCK TABLES;

--
-- Table structure for table `students`
--

DROP TABLE IF EXISTS `students`;
/*!40101 SET @saved_cs_client     = @@character_set_client */;
/*!50503 SET character_set_client = utf8mb4 */;
CREATE TABLE `students` (
  `student_id` int NOT NULL AUTO_INCREMENT,
  `division` varchar(100) DEFAULT NULL,
  `district` varchar(100) DEFAULT NULL,
  `udise_no` varchar(50) DEFAULT NULL,
  `class` varchar(10) DEFAULT NULL,
  `section` varchar(10) DEFAULT NULL,
  `class_category` varchar(50) DEFAULT NULL,
  `student_name` varchar(200) NOT NULL,
  `gender` enum('Male','Female','Other','?????','??????','???') DEFAULT NULL,
  `student_pen` varchar(50) DEFAULT NULL,
  `marathi_level` varchar(50) DEFAULT NULL,
  `math_level` varchar(50) DEFAULT NULL,
  `english_level` varchar(50) DEFAULT NULL,
  `created_date` datetime DEFAULT CURRENT_TIMESTAMP,
  `created_by` varchar(100) DEFAULT 'SYSTEM',
  `updated_date` datetime DEFAULT CURRENT_TIMESTAMP ON UPDATE CURRENT_TIMESTAMP,
  `updated_by` varchar(100) DEFAULT NULL,
  `marathi_akshara_level` int DEFAULT '0' COMMENT '????? ????????? (???? ? ????)',
  `marathi_shabda_level` int DEFAULT '0' COMMENT '???? ????????? (???? ? ????)',
  `marathi_vakya_level` int DEFAULT '0' COMMENT '????? ?????????',
  `marathi_samajpurvak_level` int DEFAULT '0' COMMENT '????????? ???? ???? ?????????',
  `math_akshara_level` int DEFAULT '0' COMMENT '???? - ????? ????',
  `math_shabda_level` int DEFAULT '0' COMMENT '???? - ???? ????',
  `math_vakya_level` int DEFAULT '0' COMMENT '???? - ????? ????',
  `math_samajpurvak_level` int DEFAULT '0' COMMENT '???? - ????????? ????',
  `english_akshara_level` int DEFAULT '0' COMMENT 'English - Letter Level',
  `english_shabda_level` int DEFAULT '0' COMMENT 'English - Word Level',
  `english_vakya_level` int DEFAULT '0' COMMENT 'English - Sentence Level',
  `english_samajpurvak_level` int DEFAULT '0' COMMENT 'English - Comprehension Level',
  `phase1_marathi` int DEFAULT NULL,
  `phase1_math` int DEFAULT NULL,
  `phase1_english` int DEFAULT NULL,
  `phase1_date` timestamp NULL DEFAULT NULL,
  `phase2_marathi` int DEFAULT NULL,
  `phase2_math` int DEFAULT NULL,
  `phase2_english` int DEFAULT NULL,
  `phase2_date` timestamp NULL DEFAULT NULL,
  `phase3_marathi` int DEFAULT NULL,
  `phase3_math` int DEFAULT NULL,
  `phase3_english` int DEFAULT NULL,
  `phase3_date` timestamp NULL DEFAULT NULL,
  `phase4_marathi` int DEFAULT NULL,
  `phase4_math` int DEFAULT NULL,
  `phase4_english` int DEFAULT NULL,
  `phase4_date` timestamp NULL DEFAULT NULL,
  PRIMARY KEY (`student_id`),
  KEY `idx_division` (`division`),
  KEY `idx_district` (`district`),
  KEY `idx_udise` (`udise_no`),
  KEY `idx_class` (`class`),
  KEY `idx_student_pen` (`student_pen`),
  KEY `idx_marathi_levels` (`marathi_akshara_level`,`marathi_shabda_level`,`marathi_vakya_level`,`marathi_samajpurvak_level`),
  KEY `idx_math_levels` (`math_akshara_level`,`math_shabda_level`,`math_vakya_level`,`math_samajpurvak_level`),
  KEY `idx_english_levels` (`english_akshara_level`,`english_shabda_level`,`english_vakya_level`,`english_samajpurvak_level`)
) ENGINE=InnoDB AUTO_INCREMENT=1066 DEFAULT CHARSET=utf8mb4 COLLATE=utf8mb4_0900_ai_ci;
/*!40101 SET character_set_client = @saved_cs_client */;

--
-- Dumping data for table `students`
--

LOCK TABLES `students` WRITE;
/*!40000 ALTER TABLE `students` DISABLE KEYS */;
INSERT INTO `students` VALUES (853,'Latur Division','Dharashiv','10001','1','A','Primary','NANDANI NETAJI KAMBLE','Female','23144026255','','','','2025-11-02 12:29:56','admin','2025-11-02 13:28:30','school_coord_10001',2,0,0,0,2,0,0,0,2,0,0,0,1,2,2,'2025-11-02 07:48:13',1,2,1,'2025-11-02 07:57:19',2,2,1,'2025-11-02 07:58:11',2,2,2,'2025-11-02 07:58:30'),(854,'Latur Division','Dharashiv','10002','1','A','Primary','WAWALKAR RESHMA SHAM','Female','23264384666','','','','2025-11-02 12:29:56','admin','2025-11-02 12:29:56',NULL,0,0,0,0,0,0,0,0,0,0,0,0,NULL,NULL,NULL,NULL,NULL,NULL,NULL,NULL,NULL,NULL,NULL,NULL,NULL,NULL,NULL,NULL),(855,'Latur Division','Dharashiv','10003','2','A','Primary','AYUSH RAMESH MARKAD','Male','22944700628','','','','2025-11-02 12:29:56','admin','2025-11-02 12:29:56',NULL,0,0,0,0,0,0,0,0,0,0,0,0,NULL,NULL,NULL,NULL,NULL,NULL,NULL,NULL,NULL,NULL,NULL,NULL,NULL,NULL,NULL,NULL),(856,'Latur Division','Dharashiv','10004','2','A','Primary','PALLAVI SANTOSH SOLANKE','Female','22997383994','','','','2025-11-02 12:29:56','admin','2025-11-02 12:29:56',NULL,0,0,0,0,0,0,0,0,0,0,0,0,NULL,NULL,NULL,NULL,NULL,NULL,NULL,NULL,NULL,NULL,NULL,NULL,NULL,NULL,NULL,NULL),(857,'Latur Division','Dharashiv','10005','2','A','Primary','SHIVANYA MUKTARAM SAPKAL','Female','22714616812','','','','2025-11-02 12:29:56','admin','2025-11-02 12:29:56',NULL,0,0,0,0,0,0,0,0,0,0,0,0,NULL,NULL,NULL,NULL,NULL,NULL,NULL,NULL,NULL,NULL,NULL,NULL,NULL,NULL,NULL,NULL),(858,'Latur Division','Dharashiv','10006','2','A','Primary','VIVAN ANKUSH JADHAV','Male','22747650243','','','','2025-11-02 12:29:56','admin','2025-11-02 12:29:56',NULL,0,0,0,0,0,0,0,0,0,0,0,0,NULL,NULL,NULL,NULL,NULL,NULL,NULL,NULL,NULL,NULL,NULL,NULL,NULL,NULL,NULL,NULL),(859,'Latur Division','Dharashiv','10007','3','A','Primary','ARUN VISHNUKANT KARALE','Male','22573975104','','','','2025-11-02 12:29:56','admin','2025-11-02 12:29:56',NULL,0,0,0,0,0,0,0,0,0,0,0,0,NULL,NULL,NULL,NULL,NULL,NULL,NULL,NULL,NULL,NULL,NULL,NULL,NULL,NULL,NULL,NULL),(860,'Latur Division','Dharashiv','10008','3','A','Primary','BIRUDEV VIJAYKMAR LANDAGE','Male','22463155004','','','','2025-11-02 12:29:57','admin','2025-11-02 12:29:57',NULL,0,0,0,0,0,0,0,0,0,0,0,0,NULL,NULL,NULL,NULL,NULL,NULL,NULL,NULL,NULL,NULL,NULL,NULL,NULL,NULL,NULL,NULL),(861,'Latur Division','Dharashiv','10009','3','A','Primary','PRAVIN UTTAM DOIPHODE','Male','22470189462','','','','2025-11-02 12:29:57','admin','2025-11-02 12:29:57',NULL,0,0,0,0,0,0,0,0,0,0,0,0,NULL,NULL,NULL,NULL,NULL,NULL,NULL,NULL,NULL,NULL,NULL,NULL,NULL,NULL,NULL,NULL),(862,'Latur Division','Dharashiv','10010','3','A','Primary','SAVIDHAN RAMESH KHARE','Male','22415930576','','','','2025-11-02 12:29:57','admin','2025-11-02 12:29:57',NULL,0,0,0,0,0,0,0,0,0,0,0,0,NULL,NULL,NULL,NULL,NULL,NULL,NULL,NULL,NULL,NULL,NULL,NULL,NULL,NULL,NULL,NULL),(863,'Latur Division','Dharashiv','10011','4','A','Primary','ARUSH PRADIP ADE','Male','21942516091','','','','2025-11-02 12:29:57','admin','2025-11-02 12:29:57',NULL,0,0,0,0,0,0,0,0,0,0,0,0,NULL,NULL,NULL,NULL,NULL,NULL,NULL,NULL,NULL,NULL,NULL,NULL,NULL,NULL,NULL,NULL),(864,'Latur Division','Dharashiv','10012','4','A','Primary','MALHARI HULAPPA TALIKOTE','Male','22498983134','','','','2025-11-02 12:29:57','admin','2025-11-02 12:29:57',NULL,0,0,0,0,0,0,0,0,0,0,0,0,NULL,NULL,NULL,NULL,NULL,NULL,NULL,NULL,NULL,NULL,NULL,NULL,NULL,NULL,NULL,NULL),(865,'Latur Division','Dharashiv','10013','4','A','Primary','RANI BALU PAWAR','Female','22061762338','','','','2025-11-02 12:29:57','admin','2025-11-02 12:29:57',NULL,0,0,0,0,0,0,0,0,0,0,0,0,NULL,NULL,NULL,NULL,NULL,NULL,NULL,NULL,NULL,NULL,NULL,NULL,NULL,NULL,NULL,NULL),(866,'Latur Division','Dharashiv','10014','4','A','Primary','SAKSHI AVINASH KAMBALE','Female','22097628438','','','','2025-11-02 12:29:57','admin','2025-11-02 12:29:57',NULL,0,0,0,0,0,0,0,0,0,0,0,0,NULL,NULL,NULL,NULL,NULL,NULL,NULL,NULL,NULL,NULL,NULL,NULL,NULL,NULL,NULL,NULL),(867,'Latur Division','Dharashiv','10015','4','B','Primary','SITARAM GOVIND BHUJBAL','Male','22519727583','','','','2025-11-02 12:29:57','admin','2025-11-02 12:29:57',NULL,0,0,0,0,0,0,0,0,0,0,0,0,NULL,NULL,NULL,NULL,NULL,NULL,NULL,NULL,NULL,NULL,NULL,NULL,NULL,NULL,NULL,NULL),(868,'Latur Division','Dharashiv','10001','4','B','Primary','VISHAL ANKUSH JADHAV','Male','22578587850','','','','2025-11-02 12:29:57','admin','2025-11-02 13:28:32','school_coord_10001',1,0,0,0,3,0,0,0,2,0,0,0,1,2,2,'2025-11-02 07:47:49',1,3,1,'2025-11-02 07:57:34',1,3,2,'2025-11-02 07:58:15',1,3,2,'2025-11-02 07:58:32'),(869,'Latur Division','Dharashiv','10002','5','A','Primary','AKASH SHANKAR BELE','Male','22083477379','','','','2025-11-02 12:29:57','admin','2025-11-02 12:29:57',NULL,0,0,0,0,0,0,0,0,0,0,0,0,NULL,NULL,NULL,NULL,NULL,NULL,NULL,NULL,NULL,NULL,NULL,NULL,NULL,NULL,NULL,NULL),(870,'Latur Division','Dharashiv','10003','5','A','Primary','ANKITA MAILARI BOROLE','Female','21818881891','','','','2025-11-02 12:29:57','admin','2025-11-02 12:29:57',NULL,0,0,0,0,0,0,0,0,0,0,0,0,NULL,NULL,NULL,NULL,NULL,NULL,NULL,NULL,NULL,NULL,NULL,NULL,NULL,NULL,NULL,NULL),(871,'Latur Division','Dharashiv','10004','5','A','Primary','DIPAK KISHOR EKKAR','Male','22382145194','','','','2025-11-02 12:29:57','admin','2025-11-02 12:29:57',NULL,0,0,0,0,0,0,0,0,0,0,0,0,NULL,NULL,NULL,NULL,NULL,NULL,NULL,NULL,NULL,NULL,NULL,NULL,NULL,NULL,NULL,NULL),(872,'Latur Division','Dharashiv','10005','5','A','Primary','INDRAJIT ANIL JADHAV','Male','22080980084','','','','2025-11-02 12:29:57','admin','2025-11-02 12:29:57',NULL,0,0,0,0,0,0,0,0,0,0,0,0,NULL,NULL,NULL,NULL,NULL,NULL,NULL,NULL,NULL,NULL,NULL,NULL,NULL,NULL,NULL,NULL),(873,'Latur Division','Dharashiv','10006','5','A','Primary','KIRAN DNYANSHWAR SHINDE','Male','21808734045','','','','2025-11-02 12:29:57','admin','2025-11-02 12:29:57',NULL,0,0,0,0,0,0,0,0,0,0,0,0,NULL,NULL,NULL,NULL,NULL,NULL,NULL,NULL,NULL,NULL,NULL,NULL,NULL,NULL,NULL,NULL),(874,'Latur Division','Dharashiv','10007','5','A','Primary','MUNJA SURESH BHUJBAL','Male','22385228649','','','','2025-11-02 12:29:57','admin','2025-11-02 12:29:57',NULL,0,0,0,0,0,0,0,0,0,0,0,0,NULL,NULL,NULL,NULL,NULL,NULL,NULL,NULL,NULL,NULL,NULL,NULL,NULL,NULL,NULL,NULL),(875,'Latur Division','Dharashiv','10008','5','A','Primary','PRATHMESH VISHNU YEMALE','Male','21942117908','','','','2025-11-02 12:29:57','admin','2025-11-02 12:29:57',NULL,0,0,0,0,0,0,0,0,0,0,0,0,NULL,NULL,NULL,NULL,NULL,NULL,NULL,NULL,NULL,NULL,NULL,NULL,NULL,NULL,NULL,NULL),(876,'Latur Division','Dharashiv','10009','5','A','Primary','SAINATH DILIP KAMBLE','Male','21949651137','','','','2025-11-02 12:29:57','admin','2025-11-02 12:29:57',NULL,0,0,0,0,0,0,0,0,0,0,0,0,NULL,NULL,NULL,NULL,NULL,NULL,NULL,NULL,NULL,NULL,NULL,NULL,NULL,NULL,NULL,NULL),(877,'Latur Division','Dharashiv','10010','5','A','Primary','SAMBHAJI RUKMAJI INGALE','Male','21901330621','','','','2025-11-02 12:29:57','admin','2025-11-02 12:29:57',NULL,0,0,0,0,0,0,0,0,0,0,0,0,NULL,NULL,NULL,NULL,NULL,NULL,NULL,NULL,NULL,NULL,NULL,NULL,NULL,NULL,NULL,NULL),(878,'Latur Division','Dharashiv','10011','5','A','Primary','SHABANAM MAJJID SHAIKH','Female','22141516199','','','','2025-11-02 12:29:57','admin','2025-11-02 12:29:57',NULL,0,0,0,0,0,0,0,0,0,0,0,0,NULL,NULL,NULL,NULL,NULL,NULL,NULL,NULL,NULL,NULL,NULL,NULL,NULL,NULL,NULL,NULL),(879,'Latur Division','Dharashiv','10012','5','A','Primary','SHRUTI ANAND SAMUDRE','Female','21889220191','','','','2025-11-02 12:29:57','admin','2025-11-02 12:29:57',NULL,0,0,0,0,0,0,0,0,0,0,0,0,NULL,NULL,NULL,NULL,NULL,NULL,NULL,NULL,NULL,NULL,NULL,NULL,NULL,NULL,NULL,NULL),(880,'Latur Division','Dharashiv','10013','5','A','Primary','VISHAL ANKUSH CHAUGULE','Male','21989809447','','','','2025-11-02 12:29:57','admin','2025-11-02 12:29:57',NULL,0,0,0,0,0,0,0,0,0,0,0,0,NULL,NULL,NULL,NULL,NULL,NULL,NULL,NULL,NULL,NULL,NULL,NULL,NULL,NULL,NULL,NULL),(881,'Latur Division','Dharashiv','10014','6','A','Higher Primary','ADITY ABASAHEB JADHAV','Male','22079962268','','','','2025-11-02 12:29:57','admin','2025-11-02 12:29:57',NULL,0,0,0,0,0,0,0,0,0,0,0,0,NULL,NULL,NULL,NULL,NULL,NULL,NULL,NULL,NULL,NULL,NULL,NULL,NULL,NULL,NULL,NULL),(882,'Latur Division','Dharashiv','10015','6','A','Higher Primary','DHONDIBA MAHADEV DEVKATE','Male','22114738536','','','','2025-11-02 12:29:57','admin','2025-11-02 12:29:57',NULL,0,0,0,0,0,0,0,0,0,0,0,0,NULL,NULL,NULL,NULL,NULL,NULL,NULL,NULL,NULL,NULL,NULL,NULL,NULL,NULL,NULL,NULL),(883,'Latur Division','Dharashiv','10001','6','A','Higher Primary','KUNAL RAMESH ADE','Male','22159086822','','','','2025-11-02 12:29:57','admin','2025-11-02 13:28:33','school_coord_10001',2,0,0,0,4,0,0,0,2,0,0,0,2,7,2,'2025-11-02 07:17:37',2,4,2,'2025-11-02 07:57:38',2,4,2,'2025-11-02 07:58:17',2,4,2,'2025-11-02 07:58:33'),(884,'Latur Division','Dharashiv','10002','6','A','Higher Primary','PAYAL DATTA PAWAR','Female','21882898151','','','','2025-11-02 12:29:57','admin','2025-11-02 12:29:57',NULL,0,0,0,0,0,0,0,0,0,0,0,0,NULL,NULL,NULL,NULL,NULL,NULL,NULL,NULL,NULL,NULL,NULL,NULL,NULL,NULL,NULL,NULL),(885,'Latur Division','Dharashiv','10003','6','A','Higher Primary','RESHMA SURESH CHAVAN','Female','21843801976','','','','2025-11-02 12:29:57','admin','2025-11-02 12:29:57',NULL,0,0,0,0,0,0,0,0,0,0,0,0,NULL,NULL,NULL,NULL,NULL,NULL,NULL,NULL,NULL,NULL,NULL,NULL,NULL,NULL,NULL,NULL),(886,'Latur Division','Dharashiv','10004','6','A','Higher Primary','SANJU LAXMAN CHAVAN','Female','21985182551','','','','2025-11-02 12:29:57','admin','2025-11-02 12:29:57',NULL,0,0,0,0,0,0,0,0,0,0,0,0,NULL,NULL,NULL,NULL,NULL,NULL,NULL,NULL,NULL,NULL,NULL,NULL,NULL,NULL,NULL,NULL),(887,'Latur Division','Dharashiv','10005','6','A','Higher Primary','SHIVSHANKAR BRAMHAJI DESHMUKHE','Male','21811350660','','','','2025-11-02 12:29:57','admin','2025-11-02 12:29:57',NULL,0,0,0,0,0,0,0,0,0,0,0,0,NULL,NULL,NULL,NULL,NULL,NULL,NULL,NULL,NULL,NULL,NULL,NULL,NULL,NULL,NULL,NULL),(888,'Latur Division','Dharashiv','10006','6','B','Higher Primary','ADITYA DIGAMBAR KAMBLE','Male','22007787039','','','','2025-11-02 12:29:57','admin','2025-11-02 12:29:57',NULL,0,0,0,0,0,0,0,0,0,0,0,0,NULL,NULL,NULL,NULL,NULL,NULL,NULL,NULL,NULL,NULL,NULL,NULL,NULL,NULL,NULL,NULL),(889,'Latur Division','Dharashiv','10007','6','B','Higher Primary','KRUSHNA LAXMAN BAN','Male','21907634056','','','','2025-11-02 12:29:57','admin','2025-11-02 12:29:57',NULL,0,0,0,0,0,0,0,0,0,0,0,0,NULL,NULL,NULL,NULL,NULL,NULL,NULL,NULL,NULL,NULL,NULL,NULL,NULL,NULL,NULL,NULL),(890,'Latur Division','Dharashiv','10008','6','B','Higher Primary','SANCHIT VISHWNATH DUKARE','Female','22112378844','','','','2025-11-02 12:29:57','admin','2025-11-02 12:29:57',NULL,0,0,0,0,0,0,0,0,0,0,0,0,NULL,NULL,NULL,NULL,NULL,NULL,NULL,NULL,NULL,NULL,NULL,NULL,NULL,NULL,NULL,NULL),(891,'Latur Division','Dharashiv','10009','6','B','Higher Primary','SONAKSHI GANGADHAR MATHAPATI','Female','22574066225','','','','2025-11-02 12:29:57','admin','2025-11-02 12:29:57',NULL,0,0,0,0,0,0,0,0,0,0,0,0,NULL,NULL,NULL,NULL,NULL,NULL,NULL,NULL,NULL,NULL,NULL,NULL,NULL,NULL,NULL,NULL),(892,'Latur Division','Dharashiv','10010','7','A','Higher Primary','ADITYA PRAVIN RATHOD','Male','22052562509','','','','2025-11-02 12:29:57','admin','2025-11-02 12:29:57',NULL,0,0,0,0,0,0,0,0,0,0,0,0,NULL,NULL,NULL,NULL,NULL,NULL,NULL,NULL,NULL,NULL,NULL,NULL,NULL,NULL,NULL,NULL),(893,'Latur Division','Dharashiv','10011','7','A','Higher Primary','ARCHANA SAHEBRAO LOKHANDE','Female','21998077442','','','','2025-11-02 12:29:58','admin','2025-11-02 12:29:58',NULL,0,0,0,0,0,0,0,0,0,0,0,0,NULL,NULL,NULL,NULL,NULL,NULL,NULL,NULL,NULL,NULL,NULL,NULL,NULL,NULL,NULL,NULL),(894,'Latur Division','Dharashiv','10012','7','A','Higher Primary','DAIWESHALA RANGNATH WAGHMARE','Female','22039685195','','','','2025-11-02 12:29:58','admin','2025-11-02 12:29:58',NULL,0,0,0,0,0,0,0,0,0,0,0,0,NULL,NULL,NULL,NULL,NULL,NULL,NULL,NULL,NULL,NULL,NULL,NULL,NULL,NULL,NULL,NULL),(895,'Latur Division','Dharashiv','10013','7','B','Higher Primary','KRUSHNA NARHARI TIPARKAR','Male','22449366425','','','','2025-11-02 12:29:58','admin','2025-11-02 12:29:58',NULL,0,0,0,0,0,0,0,0,0,0,0,0,NULL,NULL,NULL,NULL,NULL,NULL,NULL,NULL,NULL,NULL,NULL,NULL,NULL,NULL,NULL,NULL),(896,'Latur Division','Dharashiv','10014','7','B','Higher Primary','OMKAR ANKUSH CHAUGULE','Male','21928749235','','','','2025-11-02 12:29:58','admin','2025-11-02 12:29:58',NULL,0,0,0,0,0,0,0,0,0,0,0,0,NULL,NULL,NULL,NULL,NULL,NULL,NULL,NULL,NULL,NULL,NULL,NULL,NULL,NULL,NULL,NULL),(897,'Latur Division','Dharashiv','10015','7','B','Higher Primary','PRATIKSHA PARMASHWAR PAWAR','Female','21820334635','','','','2025-11-02 12:29:58','admin','2025-11-02 12:29:58',NULL,0,0,0,0,0,0,0,0,0,0,0,0,NULL,NULL,NULL,NULL,NULL,NULL,NULL,NULL,NULL,NULL,NULL,NULL,NULL,NULL,NULL,NULL),(898,'Latur Division','Dharashiv','10001','7','B','Higher Primary','RAJ BALASAHEB ADE','Male','21977498895','','','','2025-11-02 12:29:58','admin','2025-11-02 13:28:34','school_coord_10001',1,0,0,0,2,0,0,0,2,0,0,0,1,5,2,'2025-11-02 07:17:43',1,2,2,'2025-11-02 07:57:43',1,2,2,'2025-11-02 07:58:18',1,2,2,'2025-11-02 07:58:34'),(899,'Latur Division','Dharashiv','10002','7','B','Higher Primary','VEDIKA SHRIKANT SHINDE','Female','22275598049','','','','2025-11-02 12:29:58','admin','2025-11-02 12:29:58',NULL,0,0,0,0,0,0,0,0,0,0,0,0,NULL,NULL,NULL,NULL,NULL,NULL,NULL,NULL,NULL,NULL,NULL,NULL,NULL,NULL,NULL,NULL),(900,'Latur Division','Dharashiv','10003','8','A','Higher Primary','BALIRAM DNYANESHWAR SHRIMANGALE','Male','21973526607','','','','2025-11-02 12:29:58','admin','2025-11-02 12:29:58',NULL,0,0,0,0,0,0,0,0,0,0,0,0,NULL,NULL,NULL,NULL,NULL,NULL,NULL,NULL,NULL,NULL,NULL,NULL,NULL,NULL,NULL,NULL),(901,'Latur Division','Dharashiv','10004','8','A','Higher Primary','LAMTURE DATTA YADAV','Male','22037958991','','','','2025-11-02 12:29:58','admin','2025-11-02 12:29:58',NULL,0,0,0,0,0,0,0,0,0,0,0,0,NULL,NULL,NULL,NULL,NULL,NULL,NULL,NULL,NULL,NULL,NULL,NULL,NULL,NULL,NULL,NULL),(902,'Latur Division','Dharashiv','10005','8','A','Higher Primary','PAWAR SHIVTEJ HARI','Male','22685523013','','','','2025-11-02 12:29:58','admin','2025-11-02 12:29:58',NULL,0,0,0,0,0,0,0,0,0,0,0,0,NULL,NULL,NULL,NULL,NULL,NULL,NULL,NULL,NULL,NULL,NULL,NULL,NULL,NULL,NULL,NULL),(903,'Latur Division','Dharashiv','10006','10','A','Secondary','SAMRIDDHI MAHADEV BAN','Female','22027757251','','','','2025-11-02 12:29:58','admin','2025-11-02 12:29:58',NULL,0,0,0,0,0,0,0,0,0,0,0,0,NULL,NULL,NULL,NULL,NULL,NULL,NULL,NULL,NULL,NULL,NULL,NULL,NULL,NULL,NULL,NULL),(904,'Latur Division','Dharashiv','10007','12 Sci','A','Higher Secondary','SHREYASH SAHEBRAO SARWADE','Male','22228136249','','','','2025-11-02 12:29:58','admin','2025-11-02 12:29:58',NULL,0,0,0,0,0,0,0,0,0,0,0,0,NULL,NULL,NULL,NULL,NULL,NULL,NULL,NULL,NULL,NULL,NULL,NULL,NULL,NULL,NULL,NULL),(905,'Latur Division','Dharashiv','10008','12 Sci','A','Higher Primary','UJVAL SATISH RAYBOLE','Male','22349871882','','','','2025-11-02 12:29:58','admin','2025-11-02 12:29:58',NULL,0,0,0,0,0,0,0,0,0,0,0,0,NULL,NULL,NULL,NULL,NULL,NULL,NULL,NULL,NULL,NULL,NULL,NULL,NULL,NULL,NULL,NULL),(906,'Latur Division','Hingoli','20001','1','A','Primary','MAROTI NAGANATH KATSHEV','Male','23153565137','','','','2025-11-02 12:29:58','admin','2025-11-02 12:29:58',NULL,0,0,0,0,0,0,0,0,0,0,0,0,NULL,NULL,NULL,NULL,NULL,NULL,NULL,NULL,NULL,NULL,NULL,NULL,NULL,NULL,NULL,NULL),(907,'Latur Division','Hingoli','20002','1','A','Primary','VAISHNAVI RAHUL JADHAV','Female','23481999770','','','','2025-11-02 12:29:58','admin','2025-11-02 12:29:58',NULL,0,0,0,0,0,0,0,0,0,0,0,0,NULL,NULL,NULL,NULL,NULL,NULL,NULL,NULL,NULL,NULL,NULL,NULL,NULL,NULL,NULL,NULL),(908,'Latur Division','Hingoli','20003','2','A','Primary','AROHI MAHADU CHAVAN','Female','22894309655','','','','2025-11-02 12:29:58','admin','2025-11-02 12:29:58',NULL,0,0,0,0,0,0,0,0,0,0,0,0,NULL,NULL,NULL,NULL,NULL,NULL,NULL,NULL,NULL,NULL,NULL,NULL,NULL,NULL,NULL,NULL),(909,'Latur Division','Hingoli','20004','2','A','Primary','GANESH RAJARAM KAMBLE','Male','22784644410','','','','2025-11-02 12:29:58','admin','2025-11-02 12:29:58',NULL,0,0,0,0,0,0,0,0,0,0,0,0,NULL,NULL,NULL,NULL,NULL,NULL,NULL,NULL,NULL,NULL,NULL,NULL,NULL,NULL,NULL,NULL),(910,'Latur Division','Hingoli','20005','2','A','Primary','SHAILESH RAJABHAU BHOLE','Male','23443418821','','','','2025-11-02 12:29:58','admin','2025-11-02 12:29:58',NULL,0,0,0,0,0,0,0,0,0,0,0,0,NULL,NULL,NULL,NULL,NULL,NULL,NULL,NULL,NULL,NULL,NULL,NULL,NULL,NULL,NULL,NULL),(911,'Latur Division','Hingoli','20006','2','A','Primary','VAIBHAV LAXMAN KUNDRE','Male','22814648746','','','','2025-11-02 12:29:58','admin','2025-11-02 12:29:58',NULL,0,0,0,0,0,0,0,0,0,0,0,0,NULL,NULL,NULL,NULL,NULL,NULL,NULL,NULL,NULL,NULL,NULL,NULL,NULL,NULL,NULL,NULL),(912,'Latur Division','Hingoli','20007','3','A','Primary','ANKITA HARI AADMANE','Female','22443636902','','','','2025-11-02 12:29:58','admin','2025-11-02 12:29:58',NULL,0,0,0,0,0,0,0,0,0,0,0,0,NULL,NULL,NULL,NULL,NULL,NULL,NULL,NULL,NULL,NULL,NULL,NULL,NULL,NULL,NULL,NULL),(913,'Latur Division','Hingoli','20008','3','A','Primary','AVDHUT ARJUN BUJARE','Male','22496381259','','','','2025-11-02 12:29:58','admin','2025-11-02 12:29:58',NULL,0,0,0,0,0,0,0,0,0,0,0,0,NULL,NULL,NULL,NULL,NULL,NULL,NULL,NULL,NULL,NULL,NULL,NULL,NULL,NULL,NULL,NULL),(914,'Latur Division','Hingoli','20009','3','A','Primary','PRASHANT SUNIL DEVKATTE','Male','23148884591','','','','2025-11-02 12:29:58','admin','2025-11-02 12:29:58',NULL,0,0,0,0,0,0,0,0,0,0,0,0,NULL,NULL,NULL,NULL,NULL,NULL,NULL,NULL,NULL,NULL,NULL,NULL,NULL,NULL,NULL,NULL),(915,'Latur Division','Hingoli','20010','3','A','Primary','SANJIVANI SNJAY SHINDE','Female','22943226332','','','','2025-11-02 12:29:58','admin','2025-11-02 12:29:58',NULL,0,0,0,0,0,0,0,0,0,0,0,0,NULL,NULL,NULL,NULL,NULL,NULL,NULL,NULL,NULL,NULL,NULL,NULL,NULL,NULL,NULL,NULL),(916,'Latur Division','Hingoli','20011','4','A','Primary','ARPITA HARI ADMANE','Female','21803194214','','','','2025-11-02 12:29:58','admin','2025-11-02 12:29:58',NULL,0,0,0,0,0,0,0,0,0,0,0,0,NULL,NULL,NULL,NULL,NULL,NULL,NULL,NULL,NULL,NULL,NULL,NULL,NULL,NULL,NULL,NULL),(917,'Latur Division','Hingoli','20012','4','A','Primary','ISHWARI PARMESHWAR THOPTE','Female','22156690561','','','','2025-11-02 12:29:58','admin','2025-11-02 12:29:58',NULL,0,0,0,0,0,0,0,0,0,0,0,0,NULL,NULL,NULL,NULL,NULL,NULL,NULL,NULL,NULL,NULL,NULL,NULL,NULL,NULL,NULL,NULL),(918,'Latur Division','Hingoli','20013','4','A','Primary','NIHAL KRISHNA PAWAR','Male','21877742249','','','','2025-11-02 12:29:58','admin','2025-11-02 12:29:58',NULL,0,0,0,0,0,0,0,0,0,0,0,0,NULL,NULL,NULL,NULL,NULL,NULL,NULL,NULL,NULL,NULL,NULL,NULL,NULL,NULL,NULL,NULL),(919,'Latur Division','Hingoli','20014','4','A','Primary','SAI BALAJI SHINDE','Male','21870632318','','','','2025-11-02 12:29:58','admin','2025-11-02 12:29:58',NULL,0,0,0,0,0,0,0,0,0,0,0,0,NULL,NULL,NULL,NULL,NULL,NULL,NULL,NULL,NULL,NULL,NULL,NULL,NULL,NULL,NULL,NULL),(920,'Latur Division','Hingoli','20015','4','B','Primary','SHYAMSUNDAR SATISH NINGULE','Male','22283626173','','','','2025-11-02 12:29:59','admin','2025-11-02 12:29:59',NULL,0,0,0,0,0,0,0,0,0,0,0,0,NULL,NULL,NULL,NULL,NULL,NULL,NULL,NULL,NULL,NULL,NULL,NULL,NULL,NULL,NULL,NULL),(921,'Latur Division','Hingoli','20001','4','B','Primary','VIRAT BABASAHEB HULGUNDE','Male','22693241306','','','','2025-11-02 12:29:59','admin','2025-11-02 12:29:59',NULL,0,0,0,0,0,0,0,0,0,0,0,0,NULL,NULL,NULL,NULL,NULL,NULL,NULL,NULL,NULL,NULL,NULL,NULL,NULL,NULL,NULL,NULL),(922,'Latur Division','Hingoli','20002','4','B','Primary','YUVRAJ BHAURAO RATHOD','Male','22580951755','','','','2025-11-02 12:29:59','admin','2025-11-02 12:29:59',NULL,0,0,0,0,0,0,0,0,0,0,0,0,NULL,NULL,NULL,NULL,NULL,NULL,NULL,NULL,NULL,NULL,NULL,NULL,NULL,NULL,NULL,NULL),(923,'Latur Division','Hingoli','20003','5','A','Primary','ANJALI LAXMAN KUNDARE','Female','22099187618','','','','2025-11-02 12:29:59','admin','2025-11-02 12:29:59',NULL,0,0,0,0,0,0,0,0,0,0,0,0,NULL,NULL,NULL,NULL,NULL,NULL,NULL,NULL,NULL,NULL,NULL,NULL,NULL,NULL,NULL,NULL),(924,'Latur Division','Hingoli','20004','5','A','Primary','AUDUT RAJENDR PAWAR','Male','22529770699','','','','2025-11-02 12:29:59','admin','2025-11-02 12:29:59',NULL,0,0,0,0,0,0,0,0,0,0,0,0,NULL,NULL,NULL,NULL,NULL,NULL,NULL,NULL,NULL,NULL,NULL,NULL,NULL,NULL,NULL,NULL),(925,'Latur Division','Hingoli','20005','5','A','Primary','HARSHADA RAJARAM KAMBLE','Female','21870468052','','','','2025-11-02 12:29:59','admin','2025-11-02 12:29:59',NULL,0,0,0,0,0,0,0,0,0,0,0,0,NULL,NULL,NULL,NULL,NULL,NULL,NULL,NULL,NULL,NULL,NULL,NULL,NULL,NULL,NULL,NULL),(926,'Latur Division','Hingoli','20006','5','A','Primary','KEDAR NARSING KATLE','Male','21952261107','','','','2025-11-02 12:29:59','admin','2025-11-02 12:29:59',NULL,0,0,0,0,0,0,0,0,0,0,0,0,NULL,NULL,NULL,NULL,NULL,NULL,NULL,NULL,NULL,NULL,NULL,NULL,NULL,NULL,NULL,NULL),(927,'Latur Division','Hingoli','20007','5','A','Primary','MILIND SURAJ MALWATIKAR','Male','21821013841','','','','2025-11-02 12:29:59','admin','2025-11-02 12:29:59',NULL,0,0,0,0,0,0,0,0,0,0,0,0,NULL,NULL,NULL,NULL,NULL,NULL,NULL,NULL,NULL,NULL,NULL,NULL,NULL,NULL,NULL,NULL),(928,'Latur Division','Hingoli','20008','5','A','Primary','PRATHMESH MADHUKAR GAVHANE','Male','22393222864','','','','2025-11-02 12:29:59','admin','2025-11-02 12:29:59',NULL,0,0,0,0,0,0,0,0,0,0,0,0,NULL,NULL,NULL,NULL,NULL,NULL,NULL,NULL,NULL,NULL,NULL,NULL,NULL,NULL,NULL,NULL),(929,'Latur Division','Hingoli','20009','5','A','Primary','RAM KAILAS HURDUDE','Male','22243690119','','','','2025-11-02 12:29:59','admin','2025-11-02 12:29:59',NULL,0,0,0,0,0,0,0,0,0,0,0,0,NULL,NULL,NULL,NULL,NULL,NULL,NULL,NULL,NULL,NULL,NULL,NULL,NULL,NULL,NULL,NULL),(930,'Latur Division','Hingoli','20010','5','A','Primary','SAMARTH SHAM BHAKARE','Male','23005489417','','','','2025-11-02 12:29:59','admin','2025-11-02 12:29:59',NULL,0,0,0,0,0,0,0,0,0,0,0,0,NULL,NULL,NULL,NULL,NULL,NULL,NULL,NULL,NULL,NULL,NULL,NULL,NULL,NULL,NULL,NULL),(931,'Latur Division','Hingoli','20011','5','A','Primary','SATISH DILIP ZILEWAD','Male','22166102136','','','','2025-11-02 12:29:59','admin','2025-11-02 12:29:59',NULL,0,0,0,0,0,0,0,0,0,0,0,0,NULL,NULL,NULL,NULL,NULL,NULL,NULL,NULL,NULL,NULL,NULL,NULL,NULL,NULL,NULL,NULL),(932,'Latur Division','Hingoli','20012','5','A','Primary','SHREYASH DILIP MANPADE','Male','21927683271','','','','2025-11-02 12:29:59','admin','2025-11-02 12:29:59',NULL,0,0,0,0,0,0,0,0,0,0,0,0,NULL,NULL,NULL,NULL,NULL,NULL,NULL,NULL,NULL,NULL,NULL,NULL,NULL,NULL,NULL,NULL),(933,'Latur Division','Hingoli','20013','5','A','Primary','TIRUPATI VAREPPA BAJGIRE','Male','21926397587','','','','2025-11-02 12:29:59','admin','2025-11-02 12:29:59',NULL,0,0,0,0,0,0,0,0,0,0,0,0,NULL,NULL,NULL,NULL,NULL,NULL,NULL,NULL,NULL,NULL,NULL,NULL,NULL,NULL,NULL,NULL),(934,'Latur Division','Hingoli','20014','6','A','Higher Primary','ABHIJIT PRAKASH JADHAV','Male','21812619696','','','','2025-11-02 12:29:59','admin','2025-11-02 12:29:59',NULL,0,0,0,0,0,0,0,0,0,0,0,0,NULL,NULL,NULL,NULL,NULL,NULL,NULL,NULL,NULL,NULL,NULL,NULL,NULL,NULL,NULL,NULL),(935,'Latur Division','Hingoli','20015','6','A','Higher Primary','BALAJI UTTAM SONNAR','Male','21983662034','','','','2025-11-02 12:29:59','admin','2025-11-02 12:29:59',NULL,0,0,0,0,0,0,0,0,0,0,0,0,NULL,NULL,NULL,NULL,NULL,NULL,NULL,NULL,NULL,NULL,NULL,NULL,NULL,NULL,NULL,NULL),(936,'Latur Division','Hingoli','20001','6','A','Higher Primary','KRUSHNA VITTHAL JADHAV','Male','22428580888','','','','2025-11-02 12:29:59','admin','2025-11-02 12:29:59',NULL,0,0,0,0,0,0,0,0,0,0,0,0,NULL,NULL,NULL,NULL,NULL,NULL,NULL,NULL,NULL,NULL,NULL,NULL,NULL,NULL,NULL,NULL),(937,'Latur Division','Hingoli','20002','6','A','Higher Primary','PARAMVEER BALAJI PAWAR','Male','22082733851','','','','2025-11-02 12:29:59','admin','2025-11-02 12:29:59',NULL,0,0,0,0,0,0,0,0,0,0,0,0,NULL,NULL,NULL,NULL,NULL,NULL,NULL,NULL,NULL,NULL,NULL,NULL,NULL,NULL,NULL,NULL),(938,'Latur Division','Hingoli','20003','6','A','Higher Primary','PRATIK VISHAL WANOLE','Male','21881990556','','','','2025-11-02 12:29:59','admin','2025-11-02 12:29:59',NULL,0,0,0,0,0,0,0,0,0,0,0,0,NULL,NULL,NULL,NULL,NULL,NULL,NULL,NULL,NULL,NULL,NULL,NULL,NULL,NULL,NULL,NULL),(939,'Latur Division','Hingoli','20004','6','A','Higher Primary','SAKUBAI TUKARAM BAJGIRE','Female','22488761869','','','','2025-11-02 12:29:59','admin','2025-11-02 12:29:59',NULL,0,0,0,0,0,0,0,0,0,0,0,0,NULL,NULL,NULL,NULL,NULL,NULL,NULL,NULL,NULL,NULL,NULL,NULL,NULL,NULL,NULL,NULL),(940,'Latur Division','Hingoli','20005','6','A','Higher Primary','SHIVKANYA SANTOSH PAWAR','Female','22541075249','','','','2025-11-02 12:29:59','admin','2025-11-02 12:29:59',NULL,0,0,0,0,0,0,0,0,0,0,0,0,NULL,NULL,NULL,NULL,NULL,NULL,NULL,NULL,NULL,NULL,NULL,NULL,NULL,NULL,NULL,NULL),(941,'Latur Division','Hingoli','20006','6','A','Higher Primary','VARSHA VISHNUKANT KARALE','Female','21932224167','','','','2025-11-02 12:29:59','admin','2025-11-02 12:29:59',NULL,0,0,0,0,0,0,0,0,0,0,0,0,NULL,NULL,NULL,NULL,NULL,NULL,NULL,NULL,NULL,NULL,NULL,NULL,NULL,NULL,NULL,NULL),(942,'Latur Division','Hingoli','20007','6','B','Higher Primary','JAYASH SAINATH IJARE','Male','22136865256','','','','2025-11-02 12:29:59','admin','2025-11-02 12:29:59',NULL,0,0,0,0,0,0,0,0,0,0,0,0,NULL,NULL,NULL,NULL,NULL,NULL,NULL,NULL,NULL,NULL,NULL,NULL,NULL,NULL,NULL,NULL),(943,'Latur Division','Hingoli','20008','6','B','Higher Primary','SAKSHI RAHUL LOKHANDE','Female','22141236405','','','','2025-11-02 12:29:59','admin','2025-11-02 12:29:59',NULL,0,0,0,0,0,0,0,0,0,0,0,0,NULL,NULL,NULL,NULL,NULL,NULL,NULL,NULL,NULL,NULL,NULL,NULL,NULL,NULL,NULL,NULL),(944,'Latur Division','Hingoli','20009','6','B','Higher Primary','SIDDHANT RAMESH KHARE','Male','22659619227','','','','2025-11-02 12:29:59','admin','2025-11-02 12:29:59',NULL,0,0,0,0,0,0,0,0,0,0,0,0,NULL,NULL,NULL,NULL,NULL,NULL,NULL,NULL,NULL,NULL,NULL,NULL,NULL,NULL,NULL,NULL),(945,'Latur Division','Hingoli','20010','7','A','Higher Primary','ABHIMNYU GANPATI ROKADWAD','Male','22526780513','','','','2025-11-02 12:29:59','admin','2025-11-02 12:29:59',NULL,0,0,0,0,0,0,0,0,0,0,0,0,NULL,NULL,NULL,NULL,NULL,NULL,NULL,NULL,NULL,NULL,NULL,NULL,NULL,NULL,NULL,NULL),(946,'Latur Division','Hingoli','20011','7','A','Higher Primary','ARCHANA KHANDU RATHOD','Female','22459213701','','','','2025-11-02 12:29:59','admin','2025-11-02 12:29:59',NULL,0,0,0,0,0,0,0,0,0,0,0,0,NULL,NULL,NULL,NULL,NULL,NULL,NULL,NULL,NULL,NULL,NULL,NULL,NULL,NULL,NULL,NULL),(947,'Latur Division','Hingoli','20012','7','A','Higher Primary','BHUMI RAHUL LOKHANDE','Female','21943171909','','','','2025-11-02 12:29:59','admin','2025-11-02 12:29:59',NULL,0,0,0,0,0,0,0,0,0,0,0,0,NULL,NULL,NULL,NULL,NULL,NULL,NULL,NULL,NULL,NULL,NULL,NULL,NULL,NULL,NULL,NULL),(948,'Latur Division','Hingoli','20013','7','A','Higher Primary','GUNJAN SHIVAJI GAVHANE','Female','21939431789','','','','2025-11-02 12:29:59','admin','2025-11-02 12:29:59',NULL,0,0,0,0,0,0,0,0,0,0,0,0,NULL,NULL,NULL,NULL,NULL,NULL,NULL,NULL,NULL,NULL,NULL,NULL,NULL,NULL,NULL,NULL),(949,'Latur Division','Hingoli','20014','7','B','Higher Primary','NAMDEV VIKAS JADHAV','Male','22173340948','','','','2025-11-02 12:29:59','admin','2025-11-02 12:29:59',NULL,0,0,0,0,0,0,0,0,0,0,0,0,NULL,NULL,NULL,NULL,NULL,NULL,NULL,NULL,NULL,NULL,NULL,NULL,NULL,NULL,NULL,NULL),(950,'Latur Division','Hingoli','20015','7','B','Higher Primary','PARTH PRADIP PATIL','Male','22358075046','','','','2025-11-02 12:29:59','admin','2025-11-02 12:29:59',NULL,0,0,0,0,0,0,0,0,0,0,0,0,NULL,NULL,NULL,NULL,NULL,NULL,NULL,NULL,NULL,NULL,NULL,NULL,NULL,NULL,NULL,NULL),(951,'Latur Division','Hingoli','20001','7','B','Higher Primary','RAHUL SUNIL RATHOD','Male','22363627799','','','','2025-11-02 12:29:59','admin','2025-11-02 12:29:59',NULL,0,0,0,0,0,0,0,0,0,0,0,0,NULL,NULL,NULL,NULL,NULL,NULL,NULL,NULL,NULL,NULL,NULL,NULL,NULL,NULL,NULL,NULL),(952,'Latur Division','Hingoli','20002','7','B','Higher Primary','SHIVAM PRALHAD KHANDEKAR','Male','22259360444','','','','2025-11-02 12:29:59','admin','2025-11-02 12:29:59',NULL,0,0,0,0,0,0,0,0,0,0,0,0,NULL,NULL,NULL,NULL,NULL,NULL,NULL,NULL,NULL,NULL,NULL,NULL,NULL,NULL,NULL,NULL),(953,'Latur Division','Hingoli','20003','8','A','Higher Primary','AYAN JAVED SHAIKH','Male','21932698985','','','','2025-11-02 12:29:59','admin','2025-11-02 12:29:59',NULL,0,0,0,0,0,0,0,0,0,0,0,0,NULL,NULL,NULL,NULL,NULL,NULL,NULL,NULL,NULL,NULL,NULL,NULL,NULL,NULL,NULL,NULL),(954,'Latur Division','Hingoli','20004','8','A','Higher Primary','KAVITA AVINASH KAMBALE','Female','21892892075','','','','2025-11-02 12:29:59','admin','2025-11-02 12:29:59',NULL,0,0,0,0,0,0,0,0,0,0,0,0,NULL,NULL,NULL,NULL,NULL,NULL,NULL,NULL,NULL,NULL,NULL,NULL,NULL,NULL,NULL,NULL),(955,'Latur Division','Hingoli','20005','8','A','Higher Primary','OMRAJ MADAN HARKAL','Male','22071914031','','','','2025-11-02 12:29:59','admin','2025-11-02 12:29:59',NULL,0,0,0,0,0,0,0,0,0,0,0,0,NULL,NULL,NULL,NULL,NULL,NULL,NULL,NULL,NULL,NULL,NULL,NULL,NULL,NULL,NULL,NULL),(956,'Latur Division','Hingoli','20006','9','A','Secondary','SAMIKSHA ZANAKRAO MORE','Female','22118176289','','','','2025-11-02 12:29:59','admin','2025-11-02 12:29:59',NULL,0,0,0,0,0,0,0,0,0,0,0,0,NULL,NULL,NULL,NULL,NULL,NULL,NULL,NULL,NULL,NULL,NULL,NULL,NULL,NULL,NULL,NULL),(957,'Latur Division','Hingoli','20007','11 Arts','A','Higher Secondary','SHIVAM RAHUL SONAWANE','Male','22399798855','','','','2025-11-02 12:29:59','admin','2025-11-02 12:29:59',NULL,0,0,0,0,0,0,0,0,0,0,0,0,NULL,NULL,NULL,NULL,NULL,NULL,NULL,NULL,NULL,NULL,NULL,NULL,NULL,NULL,NULL,NULL),(958,'Latur Division','Hingoli','20008','11 Arts','A','Higher Primary','UDDHAV WALMIK JADHAV','Male','22059977431','','','','2025-11-02 12:29:59','admin','2025-11-02 12:29:59',NULL,0,0,0,0,0,0,0,0,0,0,0,0,NULL,NULL,NULL,NULL,NULL,NULL,NULL,NULL,NULL,NULL,NULL,NULL,NULL,NULL,NULL,NULL),(959,'Latur Division','Latur','30001','1','A','Primary','KRISHNA KONDIBA TALKUTE','Male','23022575575','','','','2025-11-02 12:29:59','admin','2025-11-02 12:29:59',NULL,0,0,0,0,0,0,0,0,0,0,0,0,NULL,NULL,NULL,NULL,NULL,NULL,NULL,NULL,NULL,NULL,NULL,NULL,NULL,NULL,NULL,NULL),(960,'Latur Division','Latur','30002','1','A','Primary','PARTHAK VISHWANATH DUKARE','Male','23085743567','','','','2025-11-02 12:29:59','admin','2025-11-02 12:29:59',NULL,0,0,0,0,0,0,0,0,0,0,0,0,NULL,NULL,NULL,NULL,NULL,NULL,NULL,NULL,NULL,NULL,NULL,NULL,NULL,NULL,NULL,NULL),(961,'Latur Division','Latur','30003','2','A','Primary','ANKITA DILIP RATHOD','Female','23156020454','','','','2025-11-02 12:30:00','admin','2025-11-02 12:30:00',NULL,0,0,0,0,0,0,0,0,0,0,0,0,NULL,NULL,NULL,NULL,NULL,NULL,NULL,NULL,NULL,NULL,NULL,NULL,NULL,NULL,NULL,NULL),(962,'Latur Division','Latur','30004','2','A','Primary','DNYANESHWARI PARMESHWAR THOPATE','Female','22789820083','','','','2025-11-02 12:30:00','admin','2025-11-02 12:30:00',NULL,0,0,0,0,0,0,0,0,0,0,0,0,NULL,NULL,NULL,NULL,NULL,NULL,NULL,NULL,NULL,NULL,NULL,NULL,NULL,NULL,NULL,NULL),(963,'Latur Division','Latur','30005','2','A','Primary','PIYUSH LAXMAN GHODEKAR','Male','22688867305','','','','2025-11-02 12:30:00','admin','2025-11-02 12:30:00',NULL,0,0,0,0,0,0,0,0,0,0,0,0,NULL,NULL,NULL,NULL,NULL,NULL,NULL,NULL,NULL,NULL,NULL,NULL,NULL,NULL,NULL,NULL),(964,'Latur Division','Latur','30006','2','A','Primary','SHUBHAM PRADIP JADHAV','Male','22841244748','','','','2025-11-02 12:30:00','admin','2025-11-02 12:30:00',NULL,0,0,0,0,0,0,0,0,0,0,0,0,NULL,NULL,NULL,NULL,NULL,NULL,NULL,NULL,NULL,NULL,NULL,NULL,NULL,NULL,NULL,NULL),(965,'Latur Division','Latur','30007','3','A','Primary','ANJALI KIRAN CHAVAN','Female','22551274906','','','','2025-11-02 12:30:00','admin','2025-11-02 12:30:00',NULL,0,0,0,0,0,0,0,0,0,0,0,0,NULL,NULL,NULL,NULL,NULL,NULL,NULL,NULL,NULL,NULL,NULL,NULL,NULL,NULL,NULL,NULL),(966,'Latur Division','Latur','30008','3','A','Primary','ASHWINI VITTHAL CHAVHAN','Female','22479090882','','','','2025-11-02 12:30:00','admin','2025-11-02 12:30:00',NULL,0,0,0,0,0,0,0,0,0,0,0,0,NULL,NULL,NULL,NULL,NULL,NULL,NULL,NULL,NULL,NULL,NULL,NULL,NULL,NULL,NULL,NULL),(967,'Latur Division','Latur','30009','3','A','Primary','JADHAV KRUSHNA BABU','Male','22316935030','','','','2025-11-02 12:30:00','admin','2025-11-02 12:30:00',NULL,0,0,0,0,0,0,0,0,0,0,0,0,NULL,NULL,NULL,NULL,NULL,NULL,NULL,NULL,NULL,NULL,NULL,NULL,NULL,NULL,NULL,NULL),(968,'Latur Division','Latur','30010','3','A','Primary','SAMARTH DILIP ZILEWAD','Male','22260304001','','','','2025-11-02 12:30:00','admin','2025-11-02 12:30:00',NULL,0,0,0,0,0,0,0,0,0,0,0,0,NULL,NULL,NULL,NULL,NULL,NULL,NULL,NULL,NULL,NULL,NULL,NULL,NULL,NULL,NULL,NULL),(969,'Latur Division','Latur','30011','4','A','Primary','AARADHYA VITHHAL CHAVAN','Male','22532650594','','','','2025-11-02 12:30:00','admin','2025-11-02 12:30:00',NULL,0,0,0,0,0,0,0,0,0,0,0,0,NULL,NULL,NULL,NULL,NULL,NULL,NULL,NULL,NULL,NULL,NULL,NULL,NULL,NULL,NULL,NULL),(970,'Latur Division','Latur','30012','4','A','Primary','GANESH BHANUDAS DUDHVAD','Male','21942562770','','','','2025-11-02 12:30:00','admin','2025-11-02 12:30:00',NULL,0,0,0,0,0,0,0,0,0,0,0,0,NULL,NULL,NULL,NULL,NULL,NULL,NULL,NULL,NULL,NULL,NULL,NULL,NULL,NULL,NULL,NULL),(971,'Latur Division','Latur','30013','4','A','Primary','MOHINI SANTOSH SOLANKE','Female','21867819221','','','','2025-11-02 12:30:00','admin','2025-11-02 12:30:00',NULL,0,0,0,0,0,0,0,0,0,0,0,0,NULL,NULL,NULL,NULL,NULL,NULL,NULL,NULL,NULL,NULL,NULL,NULL,NULL,NULL,NULL,NULL),(972,'Latur Division','Latur','30014','4','A','Primary','SAGAR RAHUL ADE','Male','22489411689','','','','2025-11-02 12:30:00','admin','2025-11-02 12:30:00',NULL,0,0,0,0,0,0,0,0,0,0,0,0,NULL,NULL,NULL,NULL,NULL,NULL,NULL,NULL,NULL,NULL,NULL,NULL,NULL,NULL,NULL,NULL),(973,'Latur Division','Latur','30015','4','B','Primary','SHIVAM JYOTIRAM LAKDE','Male','22473867384','','','','2025-11-02 12:30:00','admin','2025-11-02 12:30:00',NULL,0,0,0,0,0,0,0,0,0,0,0,0,NULL,NULL,NULL,NULL,NULL,NULL,NULL,NULL,NULL,NULL,NULL,NULL,NULL,NULL,NULL,NULL),(974,'Latur Division','Latur','30001','4','B','Primary','VAISHALI KAMBLE','Female','22299747586','','','','2025-11-02 12:30:00','admin','2025-11-02 12:30:00',NULL,0,0,0,0,0,0,0,0,0,0,0,0,NULL,NULL,NULL,NULL,NULL,NULL,NULL,NULL,NULL,NULL,NULL,NULL,NULL,NULL,NULL,NULL),(975,'Latur Division','Latur','30002','4','B','Primary','YASH GANESH CHAVAN','Male','22271435351','','','','2025-11-02 12:30:00','admin','2025-11-02 12:30:00',NULL,0,0,0,0,0,0,0,0,0,0,0,0,NULL,NULL,NULL,NULL,NULL,NULL,NULL,NULL,NULL,NULL,NULL,NULL,NULL,NULL,NULL,NULL),(976,'Latur Division','Latur','30003','5','A','Primary','ANITHA PARMASHWAR PAWAR','Female','22209359346','','','','2025-11-02 12:30:00','admin','2025-11-02 12:30:00',NULL,0,0,0,0,0,0,0,0,0,0,0,0,NULL,NULL,NULL,NULL,NULL,NULL,NULL,NULL,NULL,NULL,NULL,NULL,NULL,NULL,NULL,NULL),(977,'Latur Division','Latur','30004','5','A','Primary','ASHWINI BABURAO BHUJBAL','Female','21800548893','','','','2025-11-02 12:30:00','admin','2025-11-02 12:30:00',NULL,0,0,0,0,0,0,0,0,0,0,0,0,NULL,NULL,NULL,NULL,NULL,NULL,NULL,NULL,NULL,NULL,NULL,NULL,NULL,NULL,NULL,NULL),(978,'Latur Division','Latur','30005','5','A','Primary','HARI ANKUSH NALAPURE','Male','22032980231','','','','2025-11-02 12:30:01','admin','2025-11-02 12:30:01',NULL,0,0,0,0,0,0,0,0,0,0,0,0,NULL,NULL,NULL,NULL,NULL,NULL,NULL,NULL,NULL,NULL,NULL,NULL,NULL,NULL,NULL,NULL),(979,'Latur Division','Latur','30006','5','A','Primary','KARTIK PRABHAKAR PATOLE','Male','21912681776','','','','2025-11-02 12:30:01','admin','2025-11-02 12:30:01',NULL,0,0,0,0,0,0,0,0,0,0,0,0,NULL,NULL,NULL,NULL,NULL,NULL,NULL,NULL,NULL,NULL,NULL,NULL,NULL,NULL,NULL,NULL),(980,'Latur Division','Latur','30007','5','A','Primary','KRUSHNA VIJAY ADE','Male','22085845873','','','','2025-11-02 12:30:01','admin','2025-11-02 12:30:01',NULL,0,0,0,0,0,0,0,0,0,0,0,0,NULL,NULL,NULL,NULL,NULL,NULL,NULL,NULL,NULL,NULL,NULL,NULL,NULL,NULL,NULL,NULL),(981,'Latur Division','Latur','30008','5','A','Primary','OM ANIL YASHWANTE','Male','22271866526','','','','2025-11-02 12:30:01','admin','2025-11-02 12:30:01',NULL,0,0,0,0,0,0,0,0,0,0,0,0,NULL,NULL,NULL,NULL,NULL,NULL,NULL,NULL,NULL,NULL,NULL,NULL,NULL,NULL,NULL,NULL),(982,'Latur Division','Latur','30009','5','A','Primary','PRINCE SANTOSH PAWAR','Male','21889764703','','','','2025-11-02 12:30:01','admin','2025-11-02 12:30:01',NULL,0,0,0,0,0,0,0,0,0,0,0,0,NULL,NULL,NULL,NULL,NULL,NULL,NULL,NULL,NULL,NULL,NULL,NULL,NULL,NULL,NULL,NULL),(983,'Latur Division','Latur','30010','5','A','Primary','SAMARTH HANUMAN BAN','Male','22408438896','','','','2025-11-02 12:30:01','admin','2025-11-02 12:30:01',NULL,0,0,0,0,0,0,0,0,0,0,0,0,NULL,NULL,NULL,NULL,NULL,NULL,NULL,NULL,NULL,NULL,NULL,NULL,NULL,NULL,NULL,NULL),(984,'Latur Division','Latur','30011','5','A','Primary','SARWADE NISHA BALU','Female','22456185487','','','','2025-11-02 12:30:01','admin','2025-11-02 12:30:01',NULL,0,0,0,0,0,0,0,0,0,0,0,0,NULL,NULL,NULL,NULL,NULL,NULL,NULL,NULL,NULL,NULL,NULL,NULL,NULL,NULL,NULL,NULL),(985,'Latur Division','Latur','30012','5','A','Primary','SHIVKUMAR LAXMAN GHODEKAR','Male','22181418804','','','','2025-11-02 12:30:01','admin','2025-11-02 12:30:01',NULL,0,0,0,0,0,0,0,0,0,0,0,0,NULL,NULL,NULL,NULL,NULL,NULL,NULL,NULL,NULL,NULL,NULL,NULL,NULL,NULL,NULL,NULL),(986,'Latur Division','Latur','30013','5','A','Primary','SOHAM LIMBAJI SHINDE','Male','23480520952','','','','2025-11-02 12:30:01','admin','2025-11-02 12:30:01',NULL,0,0,0,0,0,0,0,0,0,0,0,0,NULL,NULL,NULL,NULL,NULL,NULL,NULL,NULL,NULL,NULL,NULL,NULL,NULL,NULL,NULL,NULL),(987,'Latur Division','Latur','30014','5','A','Primary','YASH PRADIP JADHAV','Male','21818608185','','','','2025-11-02 12:30:01','admin','2025-11-02 12:30:01',NULL,0,0,0,0,0,0,0,0,0,0,0,0,NULL,NULL,NULL,NULL,NULL,NULL,NULL,NULL,NULL,NULL,NULL,NULL,NULL,NULL,NULL,NULL),(988,'Latur Division','Latur','30015','6','A','Higher Primary','APEKSHA DILIP RATHOD','Female','22523687067','','','','2025-11-02 12:30:01','admin','2025-11-02 12:30:01',NULL,0,0,0,0,0,0,0,0,0,0,0,0,NULL,NULL,NULL,NULL,NULL,NULL,NULL,NULL,NULL,NULL,NULL,NULL,NULL,NULL,NULL,NULL),(989,'Latur Division','Latur','30001','6','A','Higher Primary','KIRAN PRADIP JADHAV','Female','22406678111','','','','2025-11-02 12:30:01','admin','2025-11-02 12:30:01',NULL,0,0,0,0,0,0,0,0,0,0,0,0,NULL,NULL,NULL,NULL,NULL,NULL,NULL,NULL,NULL,NULL,NULL,NULL,NULL,NULL,NULL,NULL),(990,'Latur Division','Latur','30002','6','A','Higher Primary','OMKAR TUKARAM GARAD','Male','21822892330','','','','2025-11-02 12:30:01','admin','2025-11-02 12:30:01',NULL,0,0,0,0,0,0,0,0,0,0,0,0,NULL,NULL,NULL,NULL,NULL,NULL,NULL,NULL,NULL,NULL,NULL,NULL,NULL,NULL,NULL,NULL),(991,'Latur Division','Latur','30003','6','A','Higher Primary','PRADIP UTTAM DOIPHODE','Male','22049786515','','','','2025-11-02 12:30:01','admin','2025-11-02 12:30:01',NULL,0,0,0,0,0,0,0,0,0,0,0,0,NULL,NULL,NULL,NULL,NULL,NULL,NULL,NULL,NULL,NULL,NULL,NULL,NULL,NULL,NULL,NULL),(992,'Latur Division','Latur','30004','6','A','Higher Primary','ROHIT UTTAM RATHOD','Male','22159855468','','','','2025-11-02 12:30:01','admin','2025-11-02 12:30:01',NULL,0,0,0,0,0,0,0,0,0,0,0,0,NULL,NULL,NULL,NULL,NULL,NULL,NULL,NULL,NULL,NULL,NULL,NULL,NULL,NULL,NULL,NULL),(993,'Latur Division','Latur','30005','6','A','Higher Primary','SHAHU SHIVAJI BHOSLE','Male','21994701473','','','','2025-11-02 12:30:01','admin','2025-11-02 12:30:01',NULL,0,0,0,0,0,0,0,0,0,0,0,0,NULL,NULL,NULL,NULL,NULL,NULL,NULL,NULL,NULL,NULL,NULL,NULL,NULL,NULL,NULL,NULL),(994,'Latur Division','Latur','30006','6','A','Higher Primary','SNEHA LAXMAN CHAVAN','Female','22489033405','','','','2025-11-02 12:30:01','admin','2025-11-02 12:30:01',NULL,0,0,0,0,0,0,0,0,0,0,0,0,NULL,NULL,NULL,NULL,NULL,NULL,NULL,NULL,NULL,NULL,NULL,NULL,NULL,NULL,NULL,NULL),(995,'Latur Division','Latur','30007','6','B','Higher Primary','GOURI DILIP KAMBLE','Female','23129502452','','','','2025-11-02 12:30:01','admin','2025-11-02 12:30:01',NULL,0,0,0,0,0,0,0,0,0,0,0,0,NULL,NULL,NULL,NULL,NULL,NULL,NULL,NULL,NULL,NULL,NULL,NULL,NULL,NULL,NULL,NULL),(996,'Latur Division','Latur','30008','6','B','Higher Primary','RUDRA VINOD WAGHELA','Male','21814750334','','','','2025-11-02 12:30:01','admin','2025-11-02 12:30:01',NULL,0,0,0,0,0,0,0,0,0,0,0,0,NULL,NULL,NULL,NULL,NULL,NULL,NULL,NULL,NULL,NULL,NULL,NULL,NULL,NULL,NULL,NULL),(997,'Latur Division','Latur','30009','6','B','Higher Primary','SHRILOK SANTOSH TORAKAD','Male','21818051641','','','','2025-11-02 12:30:01','admin','2025-11-02 12:30:01',NULL,0,0,0,0,0,0,0,0,0,0,0,0,NULL,NULL,NULL,NULL,NULL,NULL,NULL,NULL,NULL,NULL,NULL,NULL,NULL,NULL,NULL,NULL),(998,'Latur Division','Latur','30010','6','B','Higher Primary','VAISHNAVI SADASHIV DUKARE','Female','21924787032','','','','2025-11-02 12:30:01','admin','2025-11-02 12:30:01',NULL,0,0,0,0,0,0,0,0,0,0,0,0,NULL,NULL,NULL,NULL,NULL,NULL,NULL,NULL,NULL,NULL,NULL,NULL,NULL,NULL,NULL,NULL),(999,'Latur Division','Latur','30011','7','A','Higher Primary','AKSHAY CHANDRABHAN BARGE','Male','21855659519','','','','2025-11-02 12:30:01','admin','2025-11-02 12:30:01',NULL,0,0,0,0,0,0,0,0,0,0,0,0,NULL,NULL,NULL,NULL,NULL,NULL,NULL,NULL,NULL,NULL,NULL,NULL,NULL,NULL,NULL,NULL),(1000,'Latur Division','Latur','30012','7','A','Higher Primary','BALAJI SHAM SONNAR','Male','22128919292','','','','2025-11-02 12:30:01','admin','2025-11-02 12:30:01',NULL,0,0,0,0,0,0,0,0,0,0,0,0,NULL,NULL,NULL,NULL,NULL,NULL,NULL,NULL,NULL,NULL,NULL,NULL,NULL,NULL,NULL,NULL),(1001,'Latur Division','Latur','30013','7','A','Higher Primary','DIPAK RAJU ADEKAR','Male','22072015358','','','','2025-11-02 12:30:01','admin','2025-11-02 12:30:01',NULL,0,0,0,0,0,0,0,0,0,0,0,0,NULL,NULL,NULL,NULL,NULL,NULL,NULL,NULL,NULL,NULL,NULL,NULL,NULL,NULL,NULL,NULL),(1002,'Latur Division','Latur','30014','7','B','Higher Primary','LAXMI SHIVAJI PREMLAWAD','Female','22278778324','','','','2025-11-02 12:30:01','admin','2025-11-02 12:30:01',NULL,0,0,0,0,0,0,0,0,0,0,0,0,NULL,NULL,NULL,NULL,NULL,NULL,NULL,NULL,NULL,NULL,NULL,NULL,NULL,NULL,NULL,NULL),(1003,'Latur Division','Latur','30015','7','B','Higher Primary','PANDURANG SANJAY MANE','Male','22215873017','','','','2025-11-02 12:30:01','admin','2025-11-02 12:30:01',NULL,0,0,0,0,0,0,0,0,0,0,0,0,NULL,NULL,NULL,NULL,NULL,NULL,NULL,NULL,NULL,NULL,NULL,NULL,NULL,NULL,NULL,NULL),(1004,'Latur Division','Latur','30001','7','B','Higher Primary','RADHIKA DILIP ADE','Female','22015185680','','','','2025-11-02 12:30:01','admin','2025-11-02 12:30:01',NULL,0,0,0,0,0,0,0,0,0,0,0,0,NULL,NULL,NULL,NULL,NULL,NULL,NULL,NULL,NULL,NULL,NULL,NULL,NULL,NULL,NULL,NULL),(1005,'Latur Division','Latur','30002','7','B','Higher Primary','RUTUJA BHAGWAN KHOKALE','Female','22307222030','','','','2025-11-02 12:30:01','admin','2025-11-02 12:30:01',NULL,0,0,0,0,0,0,0,0,0,0,0,0,NULL,NULL,NULL,NULL,NULL,NULL,NULL,NULL,NULL,NULL,NULL,NULL,NULL,NULL,NULL,NULL),(1006,'Latur Division','Latur','30003','8','A','Higher Primary','ASIYA RAFIK SHAIKH','Female','22446939611','','','','2025-11-02 12:30:01','admin','2025-11-02 12:30:01',NULL,0,0,0,0,0,0,0,0,0,0,0,0,NULL,NULL,NULL,NULL,NULL,NULL,NULL,NULL,NULL,NULL,NULL,NULL,NULL,NULL,NULL,NULL),(1007,'Latur Division','Latur','30004','8','A','Higher Primary','JUNED FARUKH SHAIKH','Male','21806692098','','','','2025-11-02 12:30:01','admin','2025-11-02 12:30:01',NULL,0,0,0,0,0,0,0,0,0,0,0,0,NULL,NULL,NULL,NULL,NULL,NULL,NULL,NULL,NULL,NULL,NULL,NULL,NULL,NULL,NULL,NULL),(1008,'Latur Division','Latur','30005','8','A','Higher Primary','OMKAR BALU LOKHANDE','Male','21880619858','','','','2025-11-02 12:30:01','admin','2025-11-02 12:30:01',NULL,0,0,0,0,0,0,0,0,0,0,0,0,NULL,NULL,NULL,NULL,NULL,NULL,NULL,NULL,NULL,NULL,NULL,NULL,NULL,NULL,NULL,NULL),(1009,'Latur Division','Latur','30006','9','A','Secondary','ROHIT VASANT ICHAKE','Male','22028437752','','','','2025-11-02 12:30:01','admin','2025-11-02 12:30:01',NULL,0,0,0,0,0,0,0,0,0,0,0,0,NULL,NULL,NULL,NULL,NULL,NULL,NULL,NULL,NULL,NULL,NULL,NULL,NULL,NULL,NULL,NULL),(1010,'Latur Division','Latur','30007','11 Sci','A','Higher Secondary','SARWADE AKSHARA BALU','Female','22534007047','','','','2025-11-02 12:30:01','admin','2025-11-02 12:30:01',NULL,0,0,0,0,0,0,0,0,0,0,0,0,NULL,NULL,NULL,NULL,NULL,NULL,NULL,NULL,NULL,NULL,NULL,NULL,NULL,NULL,NULL,NULL),(1011,'Latur Division','Latur','30008','11 Sci','A','Higher Primary','TEJASHRI ARJUN BUJARE','Female','21899257551','','','','2025-11-02 12:30:01','admin','2025-11-02 12:30:01',NULL,0,0,0,0,0,0,0,0,0,0,0,0,NULL,NULL,NULL,NULL,NULL,NULL,NULL,NULL,NULL,NULL,NULL,NULL,NULL,NULL,NULL,NULL),(1012,'Latur Division','Nanded','40001','1','A','Primary','AVDHUT RAJABHAU BHADANGE','Male','23108574195','','','','2025-11-02 12:30:01','admin','2025-11-02 12:30:01',NULL,0,0,0,0,0,0,0,0,0,0,0,0,NULL,NULL,NULL,NULL,NULL,NULL,NULL,NULL,NULL,NULL,NULL,NULL,NULL,NULL,NULL,NULL),(1013,'Latur Division','Nanded','40002','1','A','Primary','PARAMVIR VIJAY SHINDE','Male','23173949433','','','','2025-11-02 12:30:01','admin','2025-11-02 12:30:01',NULL,0,0,0,0,0,0,0,0,0,0,0,0,NULL,NULL,NULL,NULL,NULL,NULL,NULL,NULL,NULL,NULL,NULL,NULL,NULL,NULL,NULL,NULL),(1014,'Latur Division','Nanded','40003','1','A','Primary','YEDESHWIRI SONALI JADHAV','Female','23139738700','','','','2025-11-02 12:30:01','admin','2025-11-02 12:30:01',NULL,0,0,0,0,0,0,0,0,0,0,0,0,NULL,NULL,NULL,NULL,NULL,NULL,NULL,NULL,NULL,NULL,NULL,NULL,NULL,NULL,NULL,NULL),(1015,'Latur Division','Nanded','40004','2','A','Primary','BALAJI KONDIBA TALKUTE','Male','22770591067','','','','2025-11-02 12:30:01','admin','2025-11-02 12:30:01',NULL,0,0,0,0,0,0,0,0,0,0,0,0,NULL,NULL,NULL,NULL,NULL,NULL,NULL,NULL,NULL,NULL,NULL,NULL,NULL,NULL,NULL,NULL),(1016,'Latur Division','Nanded','40005','2','A','Primary','PALLAVI UTTAM RATHOD','Female','22870293077','','','','2025-11-02 12:30:02','admin','2025-11-02 12:30:02',NULL,0,0,0,0,0,0,0,0,0,0,0,0,NULL,NULL,NULL,NULL,NULL,NULL,NULL,NULL,NULL,NULL,NULL,NULL,NULL,NULL,NULL,NULL),(1017,'Latur Division','Nanded','40006','2','A','Primary','SHIVSHANKAR SUNIL DEVKATTE','Male','22715371375','','','','2025-11-02 12:30:02','admin','2025-11-02 12:30:02',NULL,0,0,0,0,0,0,0,0,0,0,0,0,NULL,NULL,NULL,NULL,NULL,NULL,NULL,NULL,NULL,NULL,NULL,NULL,NULL,NULL,NULL,NULL),(1018,'Latur Division','Nanded','40007','3','A','Primary','ADE ROHAN VIJAY','Male','22753771224','','','','2025-11-02 12:30:02','admin','2025-11-02 12:30:02',NULL,0,0,0,0,0,0,0,0,0,0,0,0,NULL,NULL,NULL,NULL,NULL,NULL,NULL,NULL,NULL,NULL,NULL,NULL,NULL,NULL,NULL,NULL),(1019,'Latur Division','Nanded','40008','3','A','Primary','ARUSHI DATTATRAY MORE','Female','22278319312','','','','2025-11-02 12:30:02','admin','2025-11-02 12:30:02',NULL,0,0,0,0,0,0,0,0,0,0,0,0,NULL,NULL,NULL,NULL,NULL,NULL,NULL,NULL,NULL,NULL,NULL,NULL,NULL,NULL,NULL,NULL),(1020,'Latur Division','Nanded','40009','3','A','Primary','GAURI VITTHAL GIRI','Female','22393171612','','','','2025-11-02 12:30:02','admin','2025-11-02 12:30:02',NULL,0,0,0,0,0,0,0,0,0,0,0,0,NULL,NULL,NULL,NULL,NULL,NULL,NULL,NULL,NULL,NULL,NULL,NULL,NULL,NULL,NULL,NULL),(1021,'Latur Division','Nanded','40010','3','A','Primary','RAJVIR VIJAY SHINDE','Male','22334887332','','','','2025-11-02 12:30:02','admin','2025-11-02 12:30:02',NULL,0,0,0,0,0,0,0,0,0,0,0,0,NULL,NULL,NULL,NULL,NULL,NULL,NULL,NULL,NULL,NULL,NULL,NULL,NULL,NULL,NULL,NULL),(1022,'Latur Division','Nanded','40011','3','A','Primary','SEVALAL SURESH CHAVAN','Male','22450490375','','','','2025-11-02 12:30:02','admin','2025-11-02 12:30:02',NULL,0,0,0,0,0,0,0,0,0,0,0,0,NULL,NULL,NULL,NULL,NULL,NULL,NULL,NULL,NULL,NULL,NULL,NULL,NULL,NULL,NULL,NULL),(1023,'Latur Division','Nanded','40012','4','A','Primary','DIPALI DILIP ADE','Female','22572291281','','','','2025-11-02 12:30:02','admin','2025-11-02 12:30:02',NULL,0,0,0,0,0,0,0,0,0,0,0,0,NULL,NULL,NULL,NULL,NULL,NULL,NULL,NULL,NULL,NULL,NULL,NULL,NULL,NULL,NULL,NULL),(1024,'Latur Division','Nanded','40013','4','A','Primary','MANSI NETAJI KAMBLE','Female','21853820178','','','','2025-11-02 12:30:02','admin','2025-11-02 12:30:02',NULL,0,0,0,0,0,0,0,0,0,0,0,0,NULL,NULL,NULL,NULL,NULL,NULL,NULL,NULL,NULL,NULL,NULL,NULL,NULL,NULL,NULL,NULL),(1025,'Latur Division','Nanded','40014','4','A','Primary','RESHMA KONDIBA TALIKOTE','Female','22205689955','','','','2025-11-02 12:30:02','admin','2025-11-02 12:30:02',NULL,0,0,0,0,0,0,0,0,0,0,0,0,NULL,NULL,NULL,NULL,NULL,NULL,NULL,NULL,NULL,NULL,NULL,NULL,NULL,NULL,NULL,NULL),(1026,'Latur Division','Nanded','40015','4','B','Primary','SAMARTH SANTOSH DALVI','Male','22240673582','','','','2025-11-02 12:30:02','admin','2025-11-02 12:30:02',NULL,0,0,0,0,0,0,0,0,0,0,0,0,NULL,NULL,NULL,NULL,NULL,NULL,NULL,NULL,NULL,NULL,NULL,NULL,NULL,NULL,NULL,NULL),(1027,'Latur Division','Nanded','40001','4','B','Primary','SWPNALI MUKTARAM SAPKAL','Female','21939345094','','','','2025-11-02 12:30:02','admin','2025-11-02 12:30:02',NULL,0,0,0,0,0,0,0,0,0,0,0,0,NULL,NULL,NULL,NULL,NULL,NULL,NULL,NULL,NULL,NULL,NULL,NULL,NULL,NULL,NULL,NULL),(1028,'Latur Division','Nanded','40002','4','B','Primary','VITTHAL GANESH SHINDE','Male','21875973575','','','','2025-11-02 12:30:02','admin','2025-11-02 12:30:02',NULL,0,0,0,0,0,0,0,0,0,0,0,0,NULL,NULL,NULL,NULL,NULL,NULL,NULL,NULL,NULL,NULL,NULL,NULL,NULL,NULL,NULL,NULL),(1029,'Latur Division','Nanded','40003','5','A','Primary','ALIYA RAFIK SHAIKH','Female','22404455506','','','','2025-11-02 12:30:02','admin','2025-11-02 12:30:02',NULL,0,0,0,0,0,0,0,0,0,0,0,0,NULL,NULL,NULL,NULL,NULL,NULL,NULL,NULL,NULL,NULL,NULL,NULL,NULL,NULL,NULL,NULL),(1030,'Latur Division','Nanded','40004','5','A','Primary','ANUSHKA BHAGWAT DUGANE','Female','22225490517','','','','2025-11-02 12:30:02','admin','2025-11-02 12:30:02',NULL,0,0,0,0,0,0,0,0,0,0,0,0,NULL,NULL,NULL,NULL,NULL,NULL,NULL,NULL,NULL,NULL,NULL,NULL,NULL,NULL,NULL,NULL),(1031,'Latur Division','Nanded','40005','5','A','Primary','DURGA SHESHRAO BHISE','Female','22342465268','','','','2025-11-02 12:30:02','admin','2025-11-02 12:30:02',NULL,0,0,0,0,0,0,0,0,0,0,0,0,NULL,NULL,NULL,NULL,NULL,NULL,NULL,NULL,NULL,NULL,NULL,NULL,NULL,NULL,NULL,NULL),(1032,'Latur Division','Nanded','40006','5','A','Primary','KANISHKA SACHIN GOSAVI','Female','22554398677','','','','2025-11-02 12:30:02','admin','2025-11-02 12:30:02',NULL,0,0,0,0,0,0,0,0,0,0,0,0,NULL,NULL,NULL,NULL,NULL,NULL,NULL,NULL,NULL,NULL,NULL,NULL,NULL,NULL,NULL,NULL),(1033,'Latur Division','Nanded','40007','5','A','Primary','KRUSHNA TRYAMBAK MANE','Male','21845636814','','','','2025-11-02 12:30:02','admin','2025-11-02 12:30:02',NULL,0,0,0,0,0,0,0,0,0,0,0,0,NULL,NULL,NULL,NULL,NULL,NULL,NULL,NULL,NULL,NULL,NULL,NULL,NULL,NULL,NULL,NULL),(1034,'Latur Division','Nanded','40008','5','A','Primary','NANDINI NAGESH REKDEWAD','Female','22193454354','','','','2025-11-02 12:30:02','admin','2025-11-02 12:30:02',NULL,0,0,0,0,0,0,0,0,0,0,0,0,NULL,NULL,NULL,NULL,NULL,NULL,NULL,NULL,NULL,NULL,NULL,NULL,NULL,NULL,NULL,NULL),(1035,'Latur Division','Nanded','40009','5','A','Primary','PRATIK SANJAY BAJGIRE','Male','22257881731','','','','2025-11-02 12:30:02','admin','2025-11-02 12:30:02',NULL,0,0,0,0,0,0,0,0,0,0,0,0,NULL,NULL,NULL,NULL,NULL,NULL,NULL,NULL,NULL,NULL,NULL,NULL,NULL,NULL,NULL,NULL),(1036,'Latur Division','Nanded','40010','5','A','Primary','SAMADHAN RAMESH JADHAV','Male','21821453159','','','','2025-11-02 12:30:02','admin','2025-11-02 12:30:02',NULL,0,0,0,0,0,0,0,0,0,0,0,0,NULL,NULL,NULL,NULL,NULL,NULL,NULL,NULL,NULL,NULL,NULL,NULL,NULL,NULL,NULL,NULL),(1037,'Latur Division','Nanded','40011','5','A','Primary','SARSWATI SURESH CHAVAN','Female','22000413791','','','','2025-11-02 12:30:02','admin','2025-11-02 12:30:02',NULL,0,0,0,0,0,0,0,0,0,0,0,0,NULL,NULL,NULL,NULL,NULL,NULL,NULL,NULL,NULL,NULL,NULL,NULL,NULL,NULL,NULL,NULL),(1038,'Latur Division','Nanded','40012','5','A','Primary','SHIVANI PANDURANG ANVATE','Female','22211284679','','','','2025-11-02 12:30:02','admin','2025-11-02 12:30:02',NULL,0,0,0,0,0,0,0,0,0,0,0,0,NULL,NULL,NULL,NULL,NULL,NULL,NULL,NULL,NULL,NULL,NULL,NULL,NULL,NULL,NULL,NULL),(1039,'Latur Division','Nanded','40013','5','A','Primary','SOHAM DHURAJI KAMBLE','Male','21995281424','','','','2025-11-02 12:30:02','admin','2025-11-02 12:30:02',NULL,0,0,0,0,0,0,0,0,0,0,0,0,NULL,NULL,NULL,NULL,NULL,NULL,NULL,NULL,NULL,NULL,NULL,NULL,NULL,NULL,NULL,NULL),(1040,'Latur Division','Nanded','40014','5','A','Primary','VISHAL RAMESH ADE','Male','22309853545','','','','2025-11-02 12:30:02','admin','2025-11-02 12:30:02',NULL,0,0,0,0,0,0,0,0,0,0,0,0,NULL,NULL,NULL,NULL,NULL,NULL,NULL,NULL,NULL,NULL,NULL,NULL,NULL,NULL,NULL,NULL),(1041,'Latur Division','Nanded','40015','6','A','Higher Primary','ANANTA BALASAHEB SHINDE','Male','21953118022','','','','2025-11-02 12:30:02','admin','2025-11-02 12:30:02',NULL,0,0,0,0,0,0,0,0,0,0,0,0,NULL,NULL,NULL,NULL,NULL,NULL,NULL,NULL,NULL,NULL,NULL,NULL,NULL,NULL,NULL,NULL),(1042,'Latur Division','Nanded','40001','6','A','Higher Primary','GANESH VITTHAL GIRI','Male','22039597821','','','','2025-11-02 12:30:02','admin','2025-11-02 12:30:02',NULL,0,0,0,0,0,0,0,0,0,0,0,0,NULL,NULL,NULL,NULL,NULL,NULL,NULL,NULL,NULL,NULL,NULL,NULL,NULL,NULL,NULL,NULL),(1043,'Latur Division','Nanded','40002','6','A','Higher Primary','MONESHWAR BALU KHIDSE','Male','22435119517','','','','2025-11-02 12:30:02','admin','2025-11-02 12:30:02',NULL,0,0,0,0,0,0,0,0,0,0,0,0,NULL,NULL,NULL,NULL,NULL,NULL,NULL,NULL,NULL,NULL,NULL,NULL,NULL,NULL,NULL,NULL),(1044,'Latur Division','Nanded','40003','6','A','Higher Primary','POOJA PARMASHAWAR PAWAR','Female','22234326115','','','','2025-11-02 12:30:02','admin','2025-11-02 12:30:02',NULL,0,0,0,0,0,0,0,0,0,0,0,0,NULL,NULL,NULL,NULL,NULL,NULL,NULL,NULL,NULL,NULL,NULL,NULL,NULL,NULL,NULL,NULL),(1045,'Latur Division','Nanded','40004','6','A','Higher Primary','ROHINI SANTOSH SOLANKE','Female','21918703282','','','','2025-11-02 12:30:02','admin','2025-11-02 12:30:02',NULL,0,0,0,0,0,0,0,0,0,0,0,0,NULL,NULL,NULL,NULL,NULL,NULL,NULL,NULL,NULL,NULL,NULL,NULL,NULL,NULL,NULL,NULL),(1046,'Latur Division','Nanded','40005','6','A','Higher Primary','SANKET BALU SAUNDARMAL','Male','21993474559','','','','2025-11-02 12:30:02','admin','2025-11-02 12:30:02',NULL,0,0,0,0,0,0,0,0,0,0,0,0,NULL,NULL,NULL,NULL,NULL,NULL,NULL,NULL,NULL,NULL,NULL,NULL,NULL,NULL,NULL,NULL),(1047,'Latur Division','Nanded','40006','6','A','Higher Primary','SHRADDHA GAJANAN KOLHE','Female','21883314227','','','','2025-11-02 12:30:02','admin','2025-11-02 12:30:02',NULL,0,0,0,0,0,0,0,0,0,0,0,0,NULL,NULL,NULL,NULL,NULL,NULL,NULL,NULL,NULL,NULL,NULL,NULL,NULL,NULL,NULL,NULL),(1048,'Latur Division','Nanded','40007','6','B','Higher Primary','ARJUN GYANOBA SIRAPURE','Male','22334277728','','','','2025-11-02 12:30:02','admin','2025-11-02 12:30:02',NULL,0,0,0,0,0,0,0,0,0,0,0,0,NULL,NULL,NULL,NULL,NULL,NULL,NULL,NULL,NULL,NULL,NULL,NULL,NULL,NULL,NULL,NULL),(1049,'Latur Division','Nanded','40008','6','B','Higher Primary','PRATIDNYA GAUTAM KHANDARE','Female','22082388312','','','','2025-11-02 12:30:02','admin','2025-11-02 12:30:02',NULL,0,0,0,0,0,0,0,0,0,0,0,0,NULL,NULL,NULL,NULL,NULL,NULL,NULL,NULL,NULL,NULL,NULL,NULL,NULL,NULL,NULL,NULL),(1050,'Latur Division','Nanded','40009','6','B','Higher Primary','SHRADHA ANAND SAMUDRE','Female','21822337039','','','','2025-11-02 12:30:02','admin','2025-11-02 12:30:02',NULL,0,0,0,0,0,0,0,0,0,0,0,0,NULL,NULL,NULL,NULL,NULL,NULL,NULL,NULL,NULL,NULL,NULL,NULL,NULL,NULL,NULL,NULL),(1051,'Latur Division','Nanded','40010','6','B','Higher Primary','SUPRIYA MUKTARAM SAPKAL','Female','21983312944','','','','2025-11-02 12:30:02','admin','2025-11-02 12:30:02',NULL,0,0,0,0,0,0,0,0,0,0,0,0,NULL,NULL,NULL,NULL,NULL,NULL,NULL,NULL,NULL,NULL,NULL,NULL,NULL,NULL,NULL,NULL),(1052,'Latur Division','Nanded','40011','7','A','Higher Primary','AKASH PRAKASH PAVAR','Male','22072935943','','','','2025-11-02 12:30:02','admin','2025-11-02 12:30:02',NULL,0,0,0,0,0,0,0,0,0,0,0,0,NULL,NULL,NULL,NULL,NULL,NULL,NULL,NULL,NULL,NULL,NULL,NULL,NULL,NULL,NULL,NULL),(1053,'Latur Division','Nanded','40012','7','A','Higher Primary','AVANI BALASAHEB ADE','Female','22053565781','','','','2025-11-02 12:30:02','admin','2025-11-02 12:30:02',NULL,0,0,0,0,0,0,0,0,0,0,0,0,NULL,NULL,NULL,NULL,NULL,NULL,NULL,NULL,NULL,NULL,NULL,NULL,NULL,NULL,NULL,NULL),(1054,'Latur Division','Nanded','40013','7','A','Higher Primary','DHANSHRI DATTATRAY MORE','Female','22255532513','','','','2025-11-02 12:30:02','admin','2025-11-02 12:30:02',NULL,0,0,0,0,0,0,0,0,0,0,0,0,NULL,NULL,NULL,NULL,NULL,NULL,NULL,NULL,NULL,NULL,NULL,NULL,NULL,NULL,NULL,NULL),(1055,'Latur Division','Nanded','40014','7','B','Higher Primary','KRUSHNA SUNIL RATHOD','Male','22362534090','','','','2025-11-02 12:30:02','admin','2025-11-02 12:30:02',NULL,0,0,0,0,0,0,0,0,0,0,0,0,NULL,NULL,NULL,NULL,NULL,NULL,NULL,NULL,NULL,NULL,NULL,NULL,NULL,NULL,NULL,NULL),(1056,'Latur Division','Nanded','40015','7','B','Higher Primary','PANCHAKRUTI BALAJI PAWAR','Female','22519348111','','','','2025-11-02 12:30:02','admin','2025-11-02 12:30:02',NULL,0,0,0,0,0,0,0,0,0,0,0,0,NULL,NULL,NULL,NULL,NULL,NULL,NULL,NULL,NULL,NULL,NULL,NULL,NULL,NULL,NULL,NULL),(1057,'Latur Division','Nanded','40001','7','B','Higher Primary','PREM RAMESH PAWAR','Male','22458675371','','','','2025-11-02 12:30:02','admin','2025-11-02 12:30:02',NULL,0,0,0,0,0,0,0,0,0,0,0,0,NULL,NULL,NULL,NULL,NULL,NULL,NULL,NULL,NULL,NULL,NULL,NULL,NULL,NULL,NULL,NULL),(1058,'Latur Division','Nanded','40002','7','B','Higher Primary','RATHOD VINOD DNYANESHWAR','Male','21899119586','','','','2025-11-02 12:30:02','admin','2025-11-02 12:30:02',NULL,0,0,0,0,0,0,0,0,0,0,0,0,NULL,NULL,NULL,NULL,NULL,NULL,NULL,NULL,NULL,NULL,NULL,NULL,NULL,NULL,NULL,NULL),(1059,'Latur Division','Nanded','40003','8','A','Higher Primary','ADITYA VIJAY RATHOD','Male','22053453880','','','','2025-11-02 12:30:02','admin','2025-11-02 12:30:02',NULL,0,0,0,0,0,0,0,0,0,0,0,0,NULL,NULL,NULL,NULL,NULL,NULL,NULL,NULL,NULL,NULL,NULL,NULL,NULL,NULL,NULL,NULL),(1060,'Latur Division','Nanded','40004','8','A','Higher Primary','DIVYA RAMESHWAR BHOKARE','Female','21947540570','','','','2025-11-02 12:30:02','admin','2025-11-02 12:30:02',NULL,0,0,0,0,0,0,0,0,0,0,0,0,NULL,NULL,NULL,NULL,NULL,NULL,NULL,NULL,NULL,NULL,NULL,NULL,NULL,NULL,NULL,NULL),(1061,'Latur Division','Nanded','40005','8','A','Higher Primary','OMKAR AMOL WAGHMARE','Male','22319167300','','','','2025-11-02 12:30:02','admin','2025-11-02 12:30:02',NULL,0,0,0,0,0,0,0,0,0,0,0,0,NULL,NULL,NULL,NULL,NULL,NULL,NULL,NULL,NULL,NULL,NULL,NULL,NULL,NULL,NULL,NULL),(1062,'Latur Division','Nanded','40006','9','A','Secondary','ROHIT SURESH JONDHALE','Male','22464287306','','','','2025-11-02 12:30:02','admin','2025-11-02 12:30:02',NULL,0,0,0,0,0,0,0,0,0,0,0,0,NULL,NULL,NULL,NULL,NULL,NULL,NULL,NULL,NULL,NULL,NULL,NULL,NULL,NULL,NULL,NULL),(1063,'Latur Division','Nanded','40007','10','A','Secondary','SANKET SURESH JONDHALE','Male','21809961742','','','','2025-11-02 12:30:03','admin','2025-11-02 12:30:03',NULL,0,0,0,0,0,0,0,0,0,0,0,0,NULL,NULL,NULL,NULL,NULL,NULL,NULL,NULL,NULL,NULL,NULL,NULL,NULL,NULL,NULL,NULL),(1064,'Latur Division','Nanded','40008','12 Arts','A','Higher Secondary','SHUBHAM MUKTARAM SAPKAL','Male','22147765815','','','','2025-11-02 12:30:03','admin','2025-11-02 12:30:03',NULL,0,0,0,0,0,0,0,0,0,0,0,0,NULL,NULL,NULL,NULL,NULL,NULL,NULL,NULL,NULL,NULL,NULL,NULL,NULL,NULL,NULL,NULL),(1065,'Latur Division','Nanded','','7','A','Higher Primary','VISHAL SHIVAJI TALVARE','Male','23073640361','','','','2025-11-02 12:30:03','admin','2025-11-02 12:30:03',NULL,0,0,0,0,0,0,0,0,0,0,0,0,NULL,NULL,NULL,NULL,NULL,NULL,NULL,NULL,NULL,NULL,NULL,NULL,NULL,NULL,NULL,NULL);
/*!40000 ALTER TABLE `students` ENABLE KEYS */;
UNLOCK TABLES;

--
-- Table structure for table `users`
--

DROP TABLE IF EXISTS `users`;
/*!40101 SET @saved_cs_client     = @@character_set_client */;
/*!50503 SET character_set_client = utf8mb4 */;
CREATE TABLE `users` (
  `user_id` int NOT NULL AUTO_INCREMENT,
  `username` varchar(100) NOT NULL,
  `password` varchar(255) NOT NULL,
  `user_type` enum('DIVISION','DISTRICT_COORDINATOR','DISTRICT_2ND_COORDINATOR','SCHOOL_COORDINATOR','HEAD_MASTER','DATA_ADMIN') NOT NULL,
  `division_name` varchar(100) DEFAULT NULL,
  `district_name` varchar(100) DEFAULT NULL,
  `udise_no` varchar(50) DEFAULT NULL,
  `is_first_login` tinyint(1) DEFAULT '1',
  `password_changed_date` datetime DEFAULT NULL,
  `must_change_password` tinyint(1) DEFAULT '1',
  `is_active` tinyint(1) DEFAULT '1',
  `created_date` datetime DEFAULT CURRENT_TIMESTAMP,
  `created_by` varchar(100) DEFAULT NULL,
  `last_login_date` datetime DEFAULT NULL,
  `failed_login_attempts` int DEFAULT '0',
  `account_locked` tinyint(1) DEFAULT '0',
  `locked_date` datetime DEFAULT NULL,
  `email` varchar(100) DEFAULT NULL,
  `mobile` varchar(15) DEFAULT NULL,
  `full_name` varchar(200) DEFAULT NULL,
  `updated_date` datetime DEFAULT CURRENT_TIMESTAMP ON UPDATE CURRENT_TIMESTAMP,
  `updated_by` varchar(100) DEFAULT NULL,
  PRIMARY KEY (`user_id`),
  UNIQUE KEY `username` (`username`),
  KEY `idx_username` (`username`),
  KEY `idx_user_type` (`user_type`),
  KEY `idx_division` (`division_name`),
  KEY `idx_district` (`district_name`),
  KEY `idx_udise` (`udise_no`),
  KEY `idx_active` (`is_active`)
) ENGINE=InnoDB AUTO_INCREMENT=649 DEFAULT CHARSET=utf8mb4 COLLATE=utf8mb4_0900_ai_ci;
/*!40101 SET character_set_client = @saved_cs_client */;

--
-- Dumping data for table `users`
--

LOCK TABLES `users` WRITE;
/*!40000 ALTER TABLE `users` DISABLE KEYS */;
INSERT INTO `users` VALUES (519,'admin','Anil@5143','DATA_ADMIN',NULL,NULL,NULL,0,'2025-11-02 12:27:38',0,1,'2025-11-02 12:11:31','SYSTEM','2025-11-02 12:39:55',0,0,NULL,NULL,NULL,'System Administrator','2025-11-02 12:39:55',NULL),(520,'div_latur_division','Pass@123','DIVISION','Latur Division',NULL,NULL,1,NULL,1,1,'2025-11-02 12:29:56','admin',NULL,0,0,NULL,NULL,NULL,'Latur Division Division','2025-11-02 12:29:56',NULL),(521,'dist_coord_dharashiv','Pass@123','DISTRICT_COORDINATOR','Latur Division','Dharashiv',NULL,1,NULL,1,1,'2025-11-02 12:29:56','admin',NULL,0,0,NULL,NULL,NULL,'Dharashiv District Coordinator','2025-11-02 12:29:56',NULL),(522,'dist_coord2_dharashiv','Pass@123','DISTRICT_2ND_COORDINATOR','Latur Division','Dharashiv',NULL,1,NULL,1,1,'2025-11-02 12:29:56','admin',NULL,0,0,NULL,NULL,NULL,'Dharashiv 2nd Coordinator','2025-11-02 12:29:56',NULL),(523,'school_coord_10001','Anil@5143','SCHOOL_COORDINATOR','Latur Division','Dharashiv','10001',0,'2025-11-02 12:30:27',0,1,'2025-11-02 12:29:56','admin','2025-11-02 13:30:26',0,0,NULL,NULL,NULL,'School Coordinator - UDISE 10001','2025-11-02 13:30:25',NULL),(524,'headmaster_10001','Pass@123','HEAD_MASTER','Latur Division','Dharashiv','10001',1,NULL,1,1,'2025-11-02 12:29:56','admin',NULL,0,0,NULL,NULL,NULL,'Head Master - UDISE 10001','2025-11-02 12:29:56',NULL),(525,'school_coord_10002','Pass@123','SCHOOL_COORDINATOR','Latur Division','Dharashiv','10002',1,NULL,1,1,'2025-11-02 12:29:56','admin',NULL,0,0,NULL,NULL,NULL,'School Coordinator - UDISE 10002','2025-11-02 12:29:56',NULL),(526,'headmaster_10002','Pass@123','HEAD_MASTER','Latur Division','Dharashiv','10002',1,NULL,1,1,'2025-11-02 12:29:56','admin',NULL,0,0,NULL,NULL,NULL,'Head Master - UDISE 10002','2025-11-02 12:29:56',NULL),(527,'school_coord_10003','Pass@123','SCHOOL_COORDINATOR','Latur Division','Dharashiv','10003',1,NULL,1,1,'2025-11-02 12:29:56','admin',NULL,0,0,NULL,NULL,NULL,'School Coordinator - UDISE 10003','2025-11-02 12:29:56',NULL),(528,'headmaster_10003','Pass@123','HEAD_MASTER','Latur Division','Dharashiv','10003',1,NULL,1,1,'2025-11-02 12:29:56','admin',NULL,0,0,NULL,NULL,NULL,'Head Master - UDISE 10003','2025-11-02 12:29:56',NULL),(529,'school_coord_10004','Pass@123','SCHOOL_COORDINATOR','Latur Division','Dharashiv','10004',1,NULL,1,1,'2025-11-02 12:29:56','admin',NULL,0,0,NULL,NULL,NULL,'School Coordinator - UDISE 10004','2025-11-02 12:29:56',NULL),(530,'headmaster_10004','Pass@123','HEAD_MASTER','Latur Division','Dharashiv','10004',1,NULL,1,1,'2025-11-02 12:29:56','admin',NULL,0,0,NULL,NULL,NULL,'Head Master - UDISE 10004','2025-11-02 12:29:56',NULL),(531,'school_coord_10005','Pass@123','SCHOOL_COORDINATOR','Latur Division','Dharashiv','10005',1,NULL,1,1,'2025-11-02 12:29:56','admin',NULL,0,0,NULL,NULL,NULL,'School Coordinator - UDISE 10005','2025-11-02 12:29:56',NULL),(532,'headmaster_10005','Pass@123','HEAD_MASTER','Latur Division','Dharashiv','10005',1,NULL,1,1,'2025-11-02 12:29:56','admin',NULL,0,0,NULL,NULL,NULL,'Head Master - UDISE 10005','2025-11-02 12:29:56',NULL),(533,'school_coord_10006','Pass@123','SCHOOL_COORDINATOR','Latur Division','Dharashiv','10006',1,NULL,1,1,'2025-11-02 12:29:56','admin',NULL,0,0,NULL,NULL,NULL,'School Coordinator - UDISE 10006','2025-11-02 12:29:56',NULL),(534,'headmaster_10006','Pass@123','HEAD_MASTER','Latur Division','Dharashiv','10006',1,NULL,1,1,'2025-11-02 12:29:56','admin',NULL,0,0,NULL,NULL,NULL,'Head Master - UDISE 10006','2025-11-02 12:29:56',NULL),(535,'school_coord_10007','Pass@123','SCHOOL_COORDINATOR','Latur Division','Dharashiv','10007',1,NULL,1,1,'2025-11-02 12:29:57','admin',NULL,0,0,NULL,NULL,NULL,'School Coordinator - UDISE 10007','2025-11-02 12:29:57',NULL),(536,'headmaster_10007','Pass@123','HEAD_MASTER','Latur Division','Dharashiv','10007',1,NULL,1,1,'2025-11-02 12:29:57','admin',NULL,0,0,NULL,NULL,NULL,'Head Master - UDISE 10007','2025-11-02 12:29:57',NULL),(537,'school_coord_10008','Pass@123','SCHOOL_COORDINATOR','Latur Division','Dharashiv','10008',1,NULL,1,1,'2025-11-02 12:29:57','admin',NULL,0,0,NULL,NULL,NULL,'School Coordinator - UDISE 10008','2025-11-02 12:29:57',NULL),(538,'headmaster_10008','Pass@123','HEAD_MASTER','Latur Division','Dharashiv','10008',1,NULL,1,1,'2025-11-02 12:29:57','admin',NULL,0,0,NULL,NULL,NULL,'Head Master - UDISE 10008','2025-11-02 12:29:57',NULL),(539,'school_coord_10009','Pass@123','SCHOOL_COORDINATOR','Latur Division','Dharashiv','10009',1,NULL,1,1,'2025-11-02 12:29:57','admin',NULL,0,0,NULL,NULL,NULL,'School Coordinator - UDISE 10009','2025-11-02 12:29:57',NULL),(540,'headmaster_10009','Pass@123','HEAD_MASTER','Latur Division','Dharashiv','10009',1,NULL,1,1,'2025-11-02 12:29:57','admin',NULL,0,0,NULL,NULL,NULL,'Head Master - UDISE 10009','2025-11-02 12:29:57',NULL),(541,'school_coord_10010','Pass@123','SCHOOL_COORDINATOR','Latur Division','Dharashiv','10010',1,NULL,1,1,'2025-11-02 12:29:57','admin',NULL,0,0,NULL,NULL,NULL,'School Coordinator - UDISE 10010','2025-11-02 12:29:57',NULL),(542,'headmaster_10010','Pass@123','HEAD_MASTER','Latur Division','Dharashiv','10010',1,NULL,1,1,'2025-11-02 12:29:57','admin',NULL,0,0,NULL,NULL,NULL,'Head Master - UDISE 10010','2025-11-02 12:29:57',NULL),(543,'school_coord_10011','Pass@123','SCHOOL_COORDINATOR','Latur Division','Dharashiv','10011',1,NULL,1,1,'2025-11-02 12:29:57','admin',NULL,0,0,NULL,NULL,NULL,'School Coordinator - UDISE 10011','2025-11-02 12:29:57',NULL),(544,'headmaster_10011','Pass@123','HEAD_MASTER','Latur Division','Dharashiv','10011',1,NULL,1,1,'2025-11-02 12:29:57','admin',NULL,0,0,NULL,NULL,NULL,'Head Master - UDISE 10011','2025-11-02 12:29:57',NULL),(545,'school_coord_10012','Pass@123','SCHOOL_COORDINATOR','Latur Division','Dharashiv','10012',1,NULL,1,1,'2025-11-02 12:29:57','admin',NULL,0,0,NULL,NULL,NULL,'School Coordinator - UDISE 10012','2025-11-02 12:29:57',NULL),(546,'headmaster_10012','Pass@123','HEAD_MASTER','Latur Division','Dharashiv','10012',1,NULL,1,1,'2025-11-02 12:29:57','admin',NULL,0,0,NULL,NULL,NULL,'Head Master - UDISE 10012','2025-11-02 12:29:57',NULL),(547,'school_coord_10013','Pass@123','SCHOOL_COORDINATOR','Latur Division','Dharashiv','10013',1,NULL,1,1,'2025-11-02 12:29:57','admin',NULL,0,0,NULL,NULL,NULL,'School Coordinator - UDISE 10013','2025-11-02 12:29:57',NULL),(548,'headmaster_10013','Pass@123','HEAD_MASTER','Latur Division','Dharashiv','10013',1,NULL,1,1,'2025-11-02 12:29:57','admin',NULL,0,0,NULL,NULL,NULL,'Head Master - UDISE 10013','2025-11-02 12:29:57',NULL),(549,'school_coord_10014','Pass@123','SCHOOL_COORDINATOR','Latur Division','Dharashiv','10014',1,NULL,1,1,'2025-11-02 12:29:57','admin',NULL,0,0,NULL,NULL,NULL,'School Coordinator - UDISE 10014','2025-11-02 12:29:57',NULL),(550,'headmaster_10014','Pass@123','HEAD_MASTER','Latur Division','Dharashiv','10014',1,NULL,1,1,'2025-11-02 12:29:57','admin',NULL,0,0,NULL,NULL,NULL,'Head Master - UDISE 10014','2025-11-02 12:29:57',NULL),(551,'school_coord_10015','Pass@123','SCHOOL_COORDINATOR','Latur Division','Dharashiv','10015',1,NULL,1,1,'2025-11-02 12:29:57','admin',NULL,0,0,NULL,NULL,NULL,'School Coordinator - UDISE 10015','2025-11-02 12:29:57',NULL),(552,'headmaster_10015','Pass@123','HEAD_MASTER','Latur Division','Dharashiv','10015',1,NULL,1,1,'2025-11-02 12:29:57','admin',NULL,0,0,NULL,NULL,NULL,'Head Master - UDISE 10015','2025-11-02 12:29:57',NULL),(553,'dist_coord_hingoli','Pass@123','DISTRICT_COORDINATOR','Latur Division','Hingoli',NULL,1,NULL,1,1,'2025-11-02 12:29:58','admin',NULL,0,0,NULL,NULL,NULL,'Hingoli District Coordinator','2025-11-02 12:29:58',NULL),(554,'dist_coord2_hingoli','Pass@123','DISTRICT_2ND_COORDINATOR','Latur Division','Hingoli',NULL,1,NULL,1,1,'2025-11-02 12:29:58','admin',NULL,0,0,NULL,NULL,NULL,'Hingoli 2nd Coordinator','2025-11-02 12:29:58',NULL),(555,'school_coord_20001','Pass@123','SCHOOL_COORDINATOR','Latur Division','Hingoli','20001',1,NULL,1,1,'2025-11-02 12:29:58','admin',NULL,0,0,NULL,NULL,NULL,'School Coordinator - UDISE 20001','2025-11-02 12:29:58',NULL),(556,'headmaster_20001','Pass@123','HEAD_MASTER','Latur Division','Hingoli','20001',1,NULL,1,1,'2025-11-02 12:29:58','admin',NULL,0,0,NULL,NULL,NULL,'Head Master - UDISE 20001','2025-11-02 12:29:58',NULL),(557,'school_coord_20002','Pass@123','SCHOOL_COORDINATOR','Latur Division','Hingoli','20002',1,NULL,1,1,'2025-11-02 12:29:58','admin',NULL,0,0,NULL,NULL,NULL,'School Coordinator - UDISE 20002','2025-11-02 12:29:58',NULL),(558,'headmaster_20002','Pass@123','HEAD_MASTER','Latur Division','Hingoli','20002',1,NULL,1,1,'2025-11-02 12:29:58','admin',NULL,0,0,NULL,NULL,NULL,'Head Master - UDISE 20002','2025-11-02 12:29:58',NULL),(559,'school_coord_20003','Pass@123','SCHOOL_COORDINATOR','Latur Division','Hingoli','20003',1,NULL,1,1,'2025-11-02 12:29:58','admin',NULL,0,0,NULL,NULL,NULL,'School Coordinator - UDISE 20003','2025-11-02 12:29:58',NULL),(560,'headmaster_20003','Pass@123','HEAD_MASTER','Latur Division','Hingoli','20003',1,NULL,1,1,'2025-11-02 12:29:58','admin',NULL,0,0,NULL,NULL,NULL,'Head Master - UDISE 20003','2025-11-02 12:29:58',NULL),(561,'school_coord_20004','Pass@123','SCHOOL_COORDINATOR','Latur Division','Hingoli','20004',1,NULL,1,1,'2025-11-02 12:29:58','admin',NULL,0,0,NULL,NULL,NULL,'School Coordinator - UDISE 20004','2025-11-02 12:29:58',NULL),(562,'headmaster_20004','Pass@123','HEAD_MASTER','Latur Division','Hingoli','20004',1,NULL,1,1,'2025-11-02 12:29:58','admin',NULL,0,0,NULL,NULL,NULL,'Head Master - UDISE 20004','2025-11-02 12:29:58',NULL),(563,'school_coord_20005','Pass@123','SCHOOL_COORDINATOR','Latur Division','Hingoli','20005',1,NULL,1,1,'2025-11-02 12:29:58','admin',NULL,0,0,NULL,NULL,NULL,'School Coordinator - UDISE 20005','2025-11-02 12:29:58',NULL),(564,'headmaster_20005','Pass@123','HEAD_MASTER','Latur Division','Hingoli','20005',1,NULL,1,1,'2025-11-02 12:29:58','admin',NULL,0,0,NULL,NULL,NULL,'Head Master - UDISE 20005','2025-11-02 12:29:58',NULL),(565,'school_coord_20006','Pass@123','SCHOOL_COORDINATOR','Latur Division','Hingoli','20006',1,NULL,1,1,'2025-11-02 12:29:58','admin',NULL,0,0,NULL,NULL,NULL,'School Coordinator - UDISE 20006','2025-11-02 12:29:58',NULL),(566,'headmaster_20006','Pass@123','HEAD_MASTER','Latur Division','Hingoli','20006',1,NULL,1,1,'2025-11-02 12:29:58','admin',NULL,0,0,NULL,NULL,NULL,'Head Master - UDISE 20006','2025-11-02 12:29:58',NULL),(567,'school_coord_20007','Pass@123','SCHOOL_COORDINATOR','Latur Division','Hingoli','20007',1,NULL,1,1,'2025-11-02 12:29:58','admin',NULL,0,0,NULL,NULL,NULL,'School Coordinator - UDISE 20007','2025-11-02 12:29:58',NULL),(568,'headmaster_20007','Pass@123','HEAD_MASTER','Latur Division','Hingoli','20007',1,NULL,1,1,'2025-11-02 12:29:58','admin',NULL,0,0,NULL,NULL,NULL,'Head Master - UDISE 20007','2025-11-02 12:29:58',NULL),(569,'school_coord_20008','Pass@123','SCHOOL_COORDINATOR','Latur Division','Hingoli','20008',1,NULL,1,1,'2025-11-02 12:29:58','admin',NULL,0,0,NULL,NULL,NULL,'School Coordinator - UDISE 20008','2025-11-02 12:29:58',NULL),(570,'headmaster_20008','Pass@123','HEAD_MASTER','Latur Division','Hingoli','20008',1,NULL,1,1,'2025-11-02 12:29:58','admin',NULL,0,0,NULL,NULL,NULL,'Head Master - UDISE 20008','2025-11-02 12:29:58',NULL),(571,'school_coord_20009','Pass@123','SCHOOL_COORDINATOR','Latur Division','Hingoli','20009',1,NULL,1,1,'2025-11-02 12:29:58','admin',NULL,0,0,NULL,NULL,NULL,'School Coordinator - UDISE 20009','2025-11-02 12:29:58',NULL),(572,'headmaster_20009','Pass@123','HEAD_MASTER','Latur Division','Hingoli','20009',1,NULL,1,1,'2025-11-02 12:29:58','admin',NULL,0,0,NULL,NULL,NULL,'Head Master - UDISE 20009','2025-11-02 12:29:58',NULL),(573,'school_coord_20010','Pass@123','SCHOOL_COORDINATOR','Latur Division','Hingoli','20010',1,NULL,1,1,'2025-11-02 12:29:58','admin',NULL,0,0,NULL,NULL,NULL,'School Coordinator - UDISE 20010','2025-11-02 12:29:58',NULL),(574,'headmaster_20010','Pass@123','HEAD_MASTER','Latur Division','Hingoli','20010',1,NULL,1,1,'2025-11-02 12:29:58','admin',NULL,0,0,NULL,NULL,NULL,'Head Master - UDISE 20010','2025-11-02 12:29:58',NULL),(575,'school_coord_20011','Pass@123','SCHOOL_COORDINATOR','Latur Division','Hingoli','20011',1,NULL,1,1,'2025-11-02 12:29:58','admin',NULL,0,0,NULL,NULL,NULL,'School Coordinator - UDISE 20011','2025-11-02 12:29:58',NULL),(576,'headmaster_20011','Pass@123','HEAD_MASTER','Latur Division','Hingoli','20011',1,NULL,1,1,'2025-11-02 12:29:58','admin',NULL,0,0,NULL,NULL,NULL,'Head Master - UDISE 20011','2025-11-02 12:29:58',NULL),(577,'school_coord_20012','Pass@123','SCHOOL_COORDINATOR','Latur Division','Hingoli','20012',1,NULL,1,1,'2025-11-02 12:29:58','admin',NULL,0,0,NULL,NULL,NULL,'School Coordinator - UDISE 20012','2025-11-02 12:29:58',NULL),(578,'headmaster_20012','Pass@123','HEAD_MASTER','Latur Division','Hingoli','20012',1,NULL,1,1,'2025-11-02 12:29:58','admin',NULL,0,0,NULL,NULL,NULL,'Head Master - UDISE 20012','2025-11-02 12:29:58',NULL),(579,'school_coord_20013','Pass@123','SCHOOL_COORDINATOR','Latur Division','Hingoli','20013',1,NULL,1,1,'2025-11-02 12:29:58','admin',NULL,0,0,NULL,NULL,NULL,'School Coordinator - UDISE 20013','2025-11-02 12:29:58',NULL),(580,'headmaster_20013','Pass@123','HEAD_MASTER','Latur Division','Hingoli','20013',1,NULL,1,1,'2025-11-02 12:29:58','admin',NULL,0,0,NULL,NULL,NULL,'Head Master - UDISE 20013','2025-11-02 12:29:58',NULL),(581,'school_coord_20014','Pass@123','SCHOOL_COORDINATOR','Latur Division','Hingoli','20014',1,NULL,1,1,'2025-11-02 12:29:58','admin',NULL,0,0,NULL,NULL,NULL,'School Coordinator - UDISE 20014','2025-11-02 12:29:58',NULL),(582,'headmaster_20014','Pass@123','HEAD_MASTER','Latur Division','Hingoli','20014',1,NULL,1,1,'2025-11-02 12:29:59','admin',NULL,0,0,NULL,NULL,NULL,'Head Master - UDISE 20014','2025-11-02 12:29:59',NULL),(583,'school_coord_20015','Pass@123','SCHOOL_COORDINATOR','Latur Division','Hingoli','20015',1,NULL,1,1,'2025-11-02 12:29:59','admin',NULL,0,0,NULL,NULL,NULL,'School Coordinator - UDISE 20015','2025-11-02 12:29:59',NULL),(584,'headmaster_20015','Pass@123','HEAD_MASTER','Latur Division','Hingoli','20015',1,NULL,1,1,'2025-11-02 12:29:59','admin',NULL,0,0,NULL,NULL,NULL,'Head Master - UDISE 20015','2025-11-02 12:29:59',NULL),(585,'dist_coord_latur','Pass@123','DISTRICT_COORDINATOR','Latur Division','Latur',NULL,1,NULL,1,1,'2025-11-02 12:29:59','admin',NULL,0,0,NULL,NULL,NULL,'Latur District Coordinator','2025-11-02 12:29:59',NULL),(586,'dist_coord2_latur','Pass@123','DISTRICT_2ND_COORDINATOR','Latur Division','Latur',NULL,1,NULL,1,1,'2025-11-02 12:29:59','admin',NULL,0,0,NULL,NULL,NULL,'Latur 2nd Coordinator','2025-11-02 12:29:59',NULL),(587,'school_coord_30001','Pass@123','SCHOOL_COORDINATOR','Latur Division','Latur','30001',1,NULL,1,1,'2025-11-02 12:29:59','admin',NULL,0,0,NULL,NULL,NULL,'School Coordinator - UDISE 30001','2025-11-02 12:29:59',NULL),(588,'headmaster_30001','Pass@123','HEAD_MASTER','Latur Division','Latur','30001',1,NULL,1,1,'2025-11-02 12:29:59','admin',NULL,0,0,NULL,NULL,NULL,'Head Master - UDISE 30001','2025-11-02 12:29:59',NULL),(589,'school_coord_30002','Pass@123','SCHOOL_COORDINATOR','Latur Division','Latur','30002',1,NULL,1,1,'2025-11-02 12:29:59','admin',NULL,0,0,NULL,NULL,NULL,'School Coordinator - UDISE 30002','2025-11-02 12:29:59',NULL),(590,'headmaster_30002','Pass@123','HEAD_MASTER','Latur Division','Latur','30002',1,NULL,1,1,'2025-11-02 12:30:00','admin',NULL,0,0,NULL,NULL,NULL,'Head Master - UDISE 30002','2025-11-02 12:30:00',NULL),(591,'school_coord_30003','Pass@123','SCHOOL_COORDINATOR','Latur Division','Latur','30003',1,NULL,1,1,'2025-11-02 12:30:00','admin',NULL,0,0,NULL,NULL,NULL,'School Coordinator - UDISE 30003','2025-11-02 12:30:00',NULL),(592,'headmaster_30003','Pass@123','HEAD_MASTER','Latur Division','Latur','30003',1,NULL,1,1,'2025-11-02 12:30:00','admin',NULL,0,0,NULL,NULL,NULL,'Head Master - UDISE 30003','2025-11-02 12:30:00',NULL),(593,'school_coord_30004','Pass@123','SCHOOL_COORDINATOR','Latur Division','Latur','30004',1,NULL,1,1,'2025-11-02 12:30:00','admin',NULL,0,0,NULL,NULL,NULL,'School Coordinator - UDISE 30004','2025-11-02 12:30:00',NULL),(594,'headmaster_30004','Pass@123','HEAD_MASTER','Latur Division','Latur','30004',1,NULL,1,1,'2025-11-02 12:30:00','admin',NULL,0,0,NULL,NULL,NULL,'Head Master - UDISE 30004','2025-11-02 12:30:00',NULL),(595,'school_coord_30005','Pass@123','SCHOOL_COORDINATOR','Latur Division','Latur','30005',1,NULL,1,1,'2025-11-02 12:30:00','admin',NULL,0,0,NULL,NULL,NULL,'School Coordinator - UDISE 30005','2025-11-02 12:30:00',NULL),(596,'headmaster_30005','Pass@123','HEAD_MASTER','Latur Division','Latur','30005',1,NULL,1,1,'2025-11-02 12:30:00','admin',NULL,0,0,NULL,NULL,NULL,'Head Master - UDISE 30005','2025-11-02 12:30:00',NULL),(597,'school_coord_30006','Pass@123','SCHOOL_COORDINATOR','Latur Division','Latur','30006',1,NULL,1,1,'2025-11-02 12:30:00','admin',NULL,0,0,NULL,NULL,NULL,'School Coordinator - UDISE 30006','2025-11-02 12:30:00',NULL),(598,'headmaster_30006','Pass@123','HEAD_MASTER','Latur Division','Latur','30006',1,NULL,1,1,'2025-11-02 12:30:00','admin',NULL,0,0,NULL,NULL,NULL,'Head Master - UDISE 30006','2025-11-02 12:30:00',NULL),(599,'school_coord_30007','Pass@123','SCHOOL_COORDINATOR','Latur Division','Latur','30007',1,NULL,1,1,'2025-11-02 12:30:00','admin',NULL,0,0,NULL,NULL,NULL,'School Coordinator - UDISE 30007','2025-11-02 12:30:00',NULL),(600,'headmaster_30007','Pass@123','HEAD_MASTER','Latur Division','Latur','30007',1,NULL,1,1,'2025-11-02 12:30:00','admin',NULL,0,0,NULL,NULL,NULL,'Head Master - UDISE 30007','2025-11-02 12:30:00',NULL),(601,'school_coord_30008','Pass@123','SCHOOL_COORDINATOR','Latur Division','Latur','30008',1,NULL,1,1,'2025-11-02 12:30:00','admin',NULL,0,0,NULL,NULL,NULL,'School Coordinator - UDISE 30008','2025-11-02 12:30:00',NULL),(602,'headmaster_30008','Pass@123','HEAD_MASTER','Latur Division','Latur','30008',1,NULL,1,1,'2025-11-02 12:30:00','admin',NULL,0,0,NULL,NULL,NULL,'Head Master - UDISE 30008','2025-11-02 12:30:00',NULL),(603,'school_coord_30009','Pass@123','SCHOOL_COORDINATOR','Latur Division','Latur','30009',1,NULL,1,1,'2025-11-02 12:30:00','admin',NULL,0,0,NULL,NULL,NULL,'School Coordinator - UDISE 30009','2025-11-02 12:30:00',NULL),(604,'headmaster_30009','Pass@123','HEAD_MASTER','Latur Division','Latur','30009',1,NULL,1,1,'2025-11-02 12:30:00','admin',NULL,0,0,NULL,NULL,NULL,'Head Master - UDISE 30009','2025-11-02 12:30:00',NULL),(605,'school_coord_30010','Pass@123','SCHOOL_COORDINATOR','Latur Division','Latur','30010',1,NULL,1,1,'2025-11-02 12:30:00','admin',NULL,0,0,NULL,NULL,NULL,'School Coordinator - UDISE 30010','2025-11-02 12:30:00',NULL),(606,'headmaster_30010','Pass@123','HEAD_MASTER','Latur Division','Latur','30010',1,NULL,1,1,'2025-11-02 12:30:00','admin',NULL,0,0,NULL,NULL,NULL,'Head Master - UDISE 30010','2025-11-02 12:30:00',NULL),(607,'school_coord_30011','Pass@123','SCHOOL_COORDINATOR','Latur Division','Latur','30011',1,NULL,1,1,'2025-11-02 12:30:00','admin',NULL,0,0,NULL,NULL,NULL,'School Coordinator - UDISE 30011','2025-11-02 12:30:00',NULL),(608,'headmaster_30011','Pass@123','HEAD_MASTER','Latur Division','Latur','30011',1,NULL,1,1,'2025-11-02 12:30:00','admin',NULL,0,0,NULL,NULL,NULL,'Head Master - UDISE 30011','2025-11-02 12:30:00',NULL),(609,'school_coord_30012','Pass@123','SCHOOL_COORDINATOR','Latur Division','Latur','30012',1,NULL,1,1,'2025-11-02 12:30:00','admin',NULL,0,0,NULL,NULL,NULL,'School Coordinator - UDISE 30012','2025-11-02 12:30:00',NULL),(610,'headmaster_30012','Pass@123','HEAD_MASTER','Latur Division','Latur','30012',1,NULL,1,1,'2025-11-02 12:30:00','admin',NULL,0,0,NULL,NULL,NULL,'Head Master - UDISE 30012','2025-11-02 12:30:00',NULL),(611,'school_coord_30013','Pass@123','SCHOOL_COORDINATOR','Latur Division','Latur','30013',1,NULL,1,1,'2025-11-02 12:30:00','admin',NULL,0,0,NULL,NULL,NULL,'School Coordinator - UDISE 30013','2025-11-02 12:30:00',NULL),(612,'headmaster_30013','Pass@123','HEAD_MASTER','Latur Division','Latur','30013',1,NULL,1,1,'2025-11-02 12:30:00','admin',NULL,0,0,NULL,NULL,NULL,'Head Master - UDISE 30013','2025-11-02 12:30:00',NULL),(613,'school_coord_30014','Pass@123','SCHOOL_COORDINATOR','Latur Division','Latur','30014',1,NULL,1,1,'2025-11-02 12:30:00','admin',NULL,0,0,NULL,NULL,NULL,'School Coordinator - UDISE 30014','2025-11-02 12:30:00',NULL),(614,'headmaster_30014','Pass@123','HEAD_MASTER','Latur Division','Latur','30014',1,NULL,1,1,'2025-11-02 12:30:00','admin',NULL,0,0,NULL,NULL,NULL,'Head Master - UDISE 30014','2025-11-02 12:30:00',NULL),(615,'school_coord_30015','Pass@123','SCHOOL_COORDINATOR','Latur Division','Latur','30015',1,NULL,1,1,'2025-11-02 12:30:00','admin',NULL,0,0,NULL,NULL,NULL,'School Coordinator - UDISE 30015','2025-11-02 12:30:00',NULL),(616,'headmaster_30015','Pass@123','HEAD_MASTER','Latur Division','Latur','30015',1,NULL,1,1,'2025-11-02 12:30:00','admin',NULL,0,0,NULL,NULL,NULL,'Head Master - UDISE 30015','2025-11-02 12:30:00',NULL),(617,'dist_coord_nanded','Pass@123','DISTRICT_COORDINATOR','Latur Division','Nanded',NULL,1,NULL,1,1,'2025-11-02 12:30:01','admin',NULL,0,0,NULL,NULL,NULL,'Nanded District Coordinator','2025-11-02 12:30:01',NULL),(618,'dist_coord2_nanded','Pass@123','DISTRICT_2ND_COORDINATOR','Latur Division','Nanded',NULL,1,NULL,1,1,'2025-11-02 12:30:01','admin',NULL,0,0,NULL,NULL,NULL,'Nanded 2nd Coordinator','2025-11-02 12:30:01',NULL),(619,'school_coord_40001','Pass@123','SCHOOL_COORDINATOR','Latur Division','Nanded','40001',1,NULL,1,1,'2025-11-02 12:30:01','admin',NULL,0,0,NULL,NULL,NULL,'School Coordinator - UDISE 40001','2025-11-02 12:30:01',NULL),(620,'headmaster_40001','Pass@123','HEAD_MASTER','Latur Division','Nanded','40001',1,NULL,1,1,'2025-11-02 12:30:01','admin',NULL,0,0,NULL,NULL,NULL,'Head Master - UDISE 40001','2025-11-02 12:30:01',NULL),(621,'school_coord_40002','Pass@123','SCHOOL_COORDINATOR','Latur Division','Nanded','40002',1,NULL,1,1,'2025-11-02 12:30:01','admin',NULL,0,0,NULL,NULL,NULL,'School Coordinator - UDISE 40002','2025-11-02 12:30:01',NULL),(622,'headmaster_40002','Pass@123','HEAD_MASTER','Latur Division','Nanded','40002',1,NULL,1,1,'2025-11-02 12:30:01','admin',NULL,0,0,NULL,NULL,NULL,'Head Master - UDISE 40002','2025-11-02 12:30:01',NULL),(623,'school_coord_40003','Pass@123','SCHOOL_COORDINATOR','Latur Division','Nanded','40003',1,NULL,1,1,'2025-11-02 12:30:01','admin',NULL,0,0,NULL,NULL,NULL,'School Coordinator - UDISE 40003','2025-11-02 12:30:01',NULL),(624,'headmaster_40003','Pass@123','HEAD_MASTER','Latur Division','Nanded','40003',1,NULL,1,1,'2025-11-02 12:30:01','admin',NULL,0,0,NULL,NULL,NULL,'Head Master - UDISE 40003','2025-11-02 12:30:01',NULL),(625,'school_coord_40004','Pass@123','SCHOOL_COORDINATOR','Latur Division','Nanded','40004',1,NULL,1,1,'2025-11-02 12:30:02','admin',NULL,0,0,NULL,NULL,NULL,'School Coordinator - UDISE 40004','2025-11-02 12:30:02',NULL),(626,'headmaster_40004','Pass@123','HEAD_MASTER','Latur Division','Nanded','40004',1,NULL,1,1,'2025-11-02 12:30:02','admin',NULL,0,0,NULL,NULL,NULL,'Head Master - UDISE 40004','2025-11-02 12:30:02',NULL),(627,'school_coord_40005','Pass@123','SCHOOL_COORDINATOR','Latur Division','Nanded','40005',1,NULL,1,1,'2025-11-02 12:30:02','admin',NULL,0,0,NULL,NULL,NULL,'School Coordinator - UDISE 40005','2025-11-02 12:30:02',NULL),(628,'headmaster_40005','Pass@123','HEAD_MASTER','Latur Division','Nanded','40005',1,NULL,1,1,'2025-11-02 12:30:02','admin',NULL,0,0,NULL,NULL,NULL,'Head Master - UDISE 40005','2025-11-02 12:30:02',NULL),(629,'school_coord_40006','Pass@123','SCHOOL_COORDINATOR','Latur Division','Nanded','40006',1,NULL,1,1,'2025-11-02 12:30:02','admin',NULL,0,0,NULL,NULL,NULL,'School Coordinator - UDISE 40006','2025-11-02 12:30:02',NULL),(630,'headmaster_40006','Pass@123','HEAD_MASTER','Latur Division','Nanded','40006',1,NULL,1,1,'2025-11-02 12:30:02','admin',NULL,0,0,NULL,NULL,NULL,'Head Master - UDISE 40006','2025-11-02 12:30:02',NULL),(631,'school_coord_40007','Pass@123','SCHOOL_COORDINATOR','Latur Division','Nanded','40007',1,NULL,1,1,'2025-11-02 12:30:02','admin',NULL,0,0,NULL,NULL,NULL,'School Coordinator - UDISE 40007','2025-11-02 12:30:02',NULL),(632,'headmaster_40007','Pass@123','HEAD_MASTER','Latur Division','Nanded','40007',1,NULL,1,1,'2025-11-02 12:30:02','admin',NULL,0,0,NULL,NULL,NULL,'Head Master - UDISE 40007','2025-11-02 12:30:02',NULL),(633,'school_coord_40008','Pass@123','SCHOOL_COORDINATOR','Latur Division','Nanded','40008',1,NULL,1,1,'2025-11-02 12:30:02','admin',NULL,0,0,NULL,NULL,NULL,'School Coordinator - UDISE 40008','2025-11-02 12:30:02',NULL),(634,'headmaster_40008','Pass@123','HEAD_MASTER','Latur Division','Nanded','40008',1,NULL,1,1,'2025-11-02 12:30:02','admin',NULL,0,0,NULL,NULL,NULL,'Head Master - UDISE 40008','2025-11-02 12:30:02',NULL),(635,'school_coord_40009','Pass@123','SCHOOL_COORDINATOR','Latur Division','Nanded','40009',1,NULL,1,1,'2025-11-02 12:30:02','admin',NULL,0,0,NULL,NULL,NULL,'School Coordinator - UDISE 40009','2025-11-02 12:30:02',NULL),(636,'headmaster_40009','Pass@123','HEAD_MASTER','Latur Division','Nanded','40009',1,NULL,1,1,'2025-11-02 12:30:02','admin',NULL,0,0,NULL,NULL,NULL,'Head Master - UDISE 40009','2025-11-02 12:30:02',NULL),(637,'school_coord_40010','Pass@123','SCHOOL_COORDINATOR','Latur Division','Nanded','40010',1,NULL,1,1,'2025-11-02 12:30:02','admin',NULL,0,0,NULL,NULL,NULL,'School Coordinator - UDISE 40010','2025-11-02 12:30:02',NULL),(638,'headmaster_40010','Pass@123','HEAD_MASTER','Latur Division','Nanded','40010',1,NULL,1,1,'2025-11-02 12:30:02','admin',NULL,0,0,NULL,NULL,NULL,'Head Master - UDISE 40010','2025-11-02 12:30:02',NULL),(639,'school_coord_40011','Pass@123','SCHOOL_COORDINATOR','Latur Division','Nanded','40011',1,NULL,1,1,'2025-11-02 12:30:02','admin',NULL,0,0,NULL,NULL,NULL,'School Coordinator - UDISE 40011','2025-11-02 12:30:02',NULL),(640,'headmaster_40011','Pass@123','HEAD_MASTER','Latur Division','Nanded','40011',1,NULL,1,1,'2025-11-02 12:30:02','admin',NULL,0,0,NULL,NULL,NULL,'Head Master - UDISE 40011','2025-11-02 12:30:02',NULL),(641,'school_coord_40012','Pass@123','SCHOOL_COORDINATOR','Latur Division','Nanded','40012',1,NULL,1,1,'2025-11-02 12:30:02','admin',NULL,0,0,NULL,NULL,NULL,'School Coordinator - UDISE 40012','2025-11-02 12:30:02',NULL),(642,'headmaster_40012','Pass@123','HEAD_MASTER','Latur Division','Nanded','40012',1,NULL,1,1,'2025-11-02 12:30:02','admin',NULL,0,0,NULL,NULL,NULL,'Head Master - UDISE 40012','2025-11-02 12:30:02',NULL),(643,'school_coord_40013','Pass@123','SCHOOL_COORDINATOR','Latur Division','Nanded','40013',1,NULL,1,1,'2025-11-02 12:30:02','admin',NULL,0,0,NULL,NULL,NULL,'School Coordinator - UDISE 40013','2025-11-02 12:30:02',NULL),(644,'headmaster_40013','Pass@123','HEAD_MASTER','Latur Division','Nanded','40013',1,NULL,1,1,'2025-11-02 12:30:02','admin',NULL,0,0,NULL,NULL,NULL,'Head Master - UDISE 40013','2025-11-02 12:30:02',NULL),(645,'school_coord_40014','Pass@123','SCHOOL_COORDINATOR','Latur Division','Nanded','40014',1,NULL,1,1,'2025-11-02 12:30:02','admin',NULL,0,0,NULL,NULL,NULL,'School Coordinator - UDISE 40014','2025-11-02 12:30:02',NULL),(646,'headmaster_40014','Pass@123','HEAD_MASTER','Latur Division','Nanded','40014',1,NULL,1,1,'2025-11-02 12:30:02','admin',NULL,0,0,NULL,NULL,NULL,'Head Master - UDISE 40014','2025-11-02 12:30:02',NULL),(647,'school_coord_40015','Pass@123','SCHOOL_COORDINATOR','Latur Division','Nanded','40015',1,NULL,1,1,'2025-11-02 12:30:02','admin',NULL,0,0,NULL,NULL,NULL,'School Coordinator - UDISE 40015','2025-11-02 12:30:02',NULL),(648,'headmaster_40015','Pass@123','HEAD_MASTER','Latur Division','Nanded','40015',1,NULL,1,1,'2025-11-02 12:30:02','admin',NULL,0,0,NULL,NULL,NULL,'Head Master - UDISE 40015','2025-11-02 12:30:02',NULL);
/*!40000 ALTER TABLE `users` ENABLE KEYS */;
UNLOCK TABLES;

--
-- Temporary view structure for view `vw_active_users_summary`
--

DROP TABLE IF EXISTS `vw_active_users_summary`;
/*!50001 DROP VIEW IF EXISTS `vw_active_users_summary`*/;
SET @saved_cs_client     = @@character_set_client;
/*!50503 SET character_set_client = utf8mb4 */;
/*!50001 CREATE VIEW `vw_active_users_summary` AS SELECT 
 1 AS `user_type`,
 1 AS `total_users`,
 1 AS `active_users`,
 1 AS `pending_first_login`,
 1 AS `locked_accounts`*/;
SET character_set_client = @saved_cs_client;

--
-- Temporary view structure for view `vw_district_users`
--

DROP TABLE IF EXISTS `vw_district_users`;
/*!50001 DROP VIEW IF EXISTS `vw_district_users`*/;
SET @saved_cs_client     = @@character_set_client;
/*!50503 SET character_set_client = utf8mb4 */;
/*!50001 CREATE VIEW `vw_district_users` AS SELECT 
 1 AS `user_id`,
 1 AS `username`,
 1 AS `user_type`,
 1 AS `district_name`,
 1 AS `division_name`,
 1 AS `is_active`,
 1 AS `is_first_login`,
 1 AS `last_login_date`,
 1 AS `created_date`*/;
SET character_set_client = @saved_cs_client;

--
-- Temporary view structure for view `vw_division_users`
--

DROP TABLE IF EXISTS `vw_division_users`;
/*!50001 DROP VIEW IF EXISTS `vw_division_users`*/;
SET @saved_cs_client     = @@character_set_client;
/*!50503 SET character_set_client = utf8mb4 */;
/*!50001 CREATE VIEW `vw_division_users` AS SELECT 
 1 AS `user_id`,
 1 AS `username`,
 1 AS `division_name`,
 1 AS `is_active`,
 1 AS `is_first_login`,
 1 AS `last_login_date`,
 1 AS `created_date`*/;
SET character_set_client = @saved_cs_client;

--
-- Temporary view structure for view `vw_school_users`
--

DROP TABLE IF EXISTS `vw_school_users`;
/*!50001 DROP VIEW IF EXISTS `vw_school_users`*/;
SET @saved_cs_client     = @@character_set_client;
/*!50503 SET character_set_client = utf8mb4 */;
/*!50001 CREATE VIEW `vw_school_users` AS SELECT 
 1 AS `user_id`,
 1 AS `username`,
 1 AS `user_type`,
 1 AS `udise_no`,
 1 AS `district_name`,
 1 AS `division_name`,
 1 AS `is_active`,
 1 AS `is_first_login`,
 1 AS `last_login_date`,
 1 AS `created_date`*/;
SET character_set_client = @saved_cs_client;

--
-- Dumping events for database 'vjnt_class_management'
--

--
-- Dumping routines for database 'vjnt_class_management'
--

--
-- Current Database: `vjnt_class_management`
--

USE `vjnt_class_management`;

--
-- Final view structure for view `vw_active_users_summary`
--

/*!50001 DROP VIEW IF EXISTS `vw_active_users_summary`*/;
/*!50001 SET @saved_cs_client          = @@character_set_client */;
/*!50001 SET @saved_cs_results         = @@character_set_results */;
/*!50001 SET @saved_col_connection     = @@collation_connection */;
/*!50001 SET character_set_client      = utf8mb4 */;
/*!50001 SET character_set_results     = utf8mb4 */;
/*!50001 SET collation_connection      = utf8mb4_0900_ai_ci */;
/*!50001 CREATE ALGORITHM=UNDEFINED */
/*!50013 DEFINER=`root`@`localhost` SQL SECURITY DEFINER */
/*!50001 VIEW `vw_active_users_summary` AS select `users`.`user_type` AS `user_type`,count(0) AS `total_users`,sum((case when (`users`.`is_active` = true) then 1 else 0 end)) AS `active_users`,sum((case when (`users`.`is_first_login` = true) then 1 else 0 end)) AS `pending_first_login`,sum((case when (`users`.`account_locked` = true) then 1 else 0 end)) AS `locked_accounts` from `users` group by `users`.`user_type` */;
/*!50001 SET character_set_client      = @saved_cs_client */;
/*!50001 SET character_set_results     = @saved_cs_results */;
/*!50001 SET collation_connection      = @saved_col_connection */;

--
-- Final view structure for view `vw_district_users`
--

/*!50001 DROP VIEW IF EXISTS `vw_district_users`*/;
/*!50001 SET @saved_cs_client          = @@character_set_client */;
/*!50001 SET @saved_cs_results         = @@character_set_results */;
/*!50001 SET @saved_col_connection     = @@collation_connection */;
/*!50001 SET character_set_client      = utf8mb4 */;
/*!50001 SET character_set_results     = utf8mb4 */;
/*!50001 SET collation_connection      = utf8mb4_0900_ai_ci */;
/*!50001 CREATE ALGORITHM=UNDEFINED */
/*!50013 DEFINER=`root`@`localhost` SQL SECURITY DEFINER */
/*!50001 VIEW `vw_district_users` AS select `users`.`user_id` AS `user_id`,`users`.`username` AS `username`,`users`.`user_type` AS `user_type`,`users`.`district_name` AS `district_name`,`users`.`division_name` AS `division_name`,`users`.`is_active` AS `is_active`,`users`.`is_first_login` AS `is_first_login`,`users`.`last_login_date` AS `last_login_date`,`users`.`created_date` AS `created_date` from `users` where (`users`.`user_type` in ('DISTRICT_COORDINATOR','DISTRICT_2ND_COORDINATOR')) order by `users`.`district_name`,`users`.`user_type` */;
/*!50001 SET character_set_client      = @saved_cs_client */;
/*!50001 SET character_set_results     = @saved_cs_results */;
/*!50001 SET collation_connection      = @saved_col_connection */;

--
-- Final view structure for view `vw_division_users`
--

/*!50001 DROP VIEW IF EXISTS `vw_division_users`*/;
/*!50001 SET @saved_cs_client          = @@character_set_client */;
/*!50001 SET @saved_cs_results         = @@character_set_results */;
/*!50001 SET @saved_col_connection     = @@collation_connection */;
/*!50001 SET character_set_client      = utf8mb4 */;
/*!50001 SET character_set_results     = utf8mb4 */;
/*!50001 SET collation_connection      = utf8mb4_0900_ai_ci */;
/*!50001 CREATE ALGORITHM=UNDEFINED */
/*!50013 DEFINER=`root`@`localhost` SQL SECURITY DEFINER */
/*!50001 VIEW `vw_division_users` AS select `users`.`user_id` AS `user_id`,`users`.`username` AS `username`,`users`.`division_name` AS `division_name`,`users`.`is_active` AS `is_active`,`users`.`is_first_login` AS `is_first_login`,`users`.`last_login_date` AS `last_login_date`,`users`.`created_date` AS `created_date` from `users` where (`users`.`user_type` = 'DIVISION') */;
/*!50001 SET character_set_client      = @saved_cs_client */;
/*!50001 SET character_set_results     = @saved_cs_results */;
/*!50001 SET collation_connection      = @saved_col_connection */;

--
-- Final view structure for view `vw_school_users`
--

/*!50001 DROP VIEW IF EXISTS `vw_school_users`*/;
/*!50001 SET @saved_cs_client          = @@character_set_client */;
/*!50001 SET @saved_cs_results         = @@character_set_results */;
/*!50001 SET @saved_col_connection     = @@collation_connection */;
/*!50001 SET character_set_client      = utf8mb4 */;
/*!50001 SET character_set_results     = utf8mb4 */;
/*!50001 SET collation_connection      = utf8mb4_0900_ai_ci */;
/*!50001 CREATE ALGORITHM=UNDEFINED */
/*!50013 DEFINER=`root`@`localhost` SQL SECURITY DEFINER */
/*!50001 VIEW `vw_school_users` AS select `users`.`user_id` AS `user_id`,`users`.`username` AS `username`,`users`.`user_type` AS `user_type`,`users`.`udise_no` AS `udise_no`,`users`.`district_name` AS `district_name`,`users`.`division_name` AS `division_name`,`users`.`is_active` AS `is_active`,`users`.`is_first_login` AS `is_first_login`,`users`.`last_login_date` AS `last_login_date`,`users`.`created_date` AS `created_date` from `users` where (`users`.`user_type` in ('SCHOOL_COORDINATOR','HEAD_MASTER')) order by `users`.`udise_no`,`users`.`user_type` */;
/*!50001 SET character_set_client      = @saved_cs_client */;
/*!50001 SET character_set_results     = @saved_cs_results */;
/*!50001 SET collation_connection      = @saved_col_connection */;
/*!40103 SET TIME_ZONE=@OLD_TIME_ZONE */;

/*!40101 SET SQL_MODE=@OLD_SQL_MODE */;
/*!40014 SET FOREIGN_KEY_CHECKS=@OLD_FOREIGN_KEY_CHECKS */;
/*!40014 SET UNIQUE_CHECKS=@OLD_UNIQUE_CHECKS */;
/*!40101 SET CHARACTER_SET_CLIENT=@OLD_CHARACTER_SET_CLIENT */;
/*!40101 SET CHARACTER_SET_RESULTS=@OLD_CHARACTER_SET_RESULTS */;
/*!40101 SET COLLATION_CONNECTION=@OLD_COLLATION_CONNECTION */;
/*!40111 SET SQL_NOTES=@OLD_SQL_NOTES */;

-- Dump completed on 2025-11-02 13:33:06
